assessmentId,internalTaxonId,scientificName,code,name,note
1419729,175221,Syzygium rama-varmae,3.2,Species recovery,""
1419729,175221,Syzygium rama-varmae,3.4.2,Genome resource bank,""
1419729,175221,Syzygium rama-varmae,1.1,Site/area protection,""
1419729,175221,Syzygium rama-varmae,1.2,Resource & habitat protection,""
1810810,186162,Raorchestes jayarami,1.1,Site/area protection,
1810810,186162,Raorchestes jayarami,1.2,Resource & habitat protection,
48886614,48886608,Minervarya sengupti,1.2,Resource & habitat protection,""
48899453,48874314,Nyctibatrachus deveni,1.1,Site/area protection,""
54035787,48874474,Nyctibatrachus acanthodermis,1.1,Site/area protection,""
54035787,48874474,Nyctibatrachus acanthodermis,1.2,Resource & habitat protection,""
54149121,48874286,Nyctibatrachus gavi,1.1,Site/area protection,""
54149121,48874286,Nyctibatrachus gavi,4.3,Awareness & communications,""
54149121,48874286,Nyctibatrachus gavi,1.2,Resource & habitat protection,""
54149239,48874266,Nyctibatrachus grandis,1.1,Site/area protection,""
54149239,48874266,Nyctibatrachus grandis,1.2,Resource & habitat protection,""
54149411,48874250,Nyctibatrachus indraneili,1.1,Site/area protection,""
54149566,48874225,Nyctibatrachus jog,1.1,Site/area protection,""
54149566,48874225,Nyctibatrachus jog,4.3,Awareness & communications,""
54149566,48874225,Nyctibatrachus jog,1.2,Resource & habitat protection,""
54149735,48874189,Nyctibatrachus pillaii,1.1,Site/area protection,""
54149735,48874189,Nyctibatrachus pillaii,4.3,Awareness & communications,""
54149735,48874189,Nyctibatrachus pillaii,1.2,Resource & habitat protection,""
54149741,48874217,Nyctibatrachus periyar,1.1,Site/area protection,""
54149741,48874217,Nyctibatrachus periyar,4.3,Awareness & communications,""
54149741,48874217,Nyctibatrachus periyar,1.2,Resource & habitat protection,""
54459738,48873111,Nyctibatrachus vrijeuni,1.1,Site/area protection,""
56110474,48872923,Megophrys megacephala,1.1,Site/area protection,""
56110474,48872923,Megophrys megacephala,1.2,Resource & habitat protection,""
62020480,177756483,Phoebe bootanica,1.1,Site/area protection,""
62020480,177756483,Phoebe bootanica,4.3,Awareness & communications,""
62020480,177756483,Phoebe bootanica,1.2,Resource & habitat protection,""
63853189,208598052,Amolops monticola,1.1,Site/area protection,
63853189,208598052,Amolops monticola,2.1,Site/area management,
73787000,73786986,Raorchestes aureus,1.1,Site/area protection,""
73787000,73786986,Raorchestes aureus,1.2,Resource & habitat protection,""
73787322,73787038,Raorchestes blandus,1.1,Site/area protection,""
73787322,73787038,Raorchestes blandus,1.2,Resource & habitat protection,""
73787384,73787369,Raorchestes echinatus,2.1,Site/area management,""
73788625,73788607,Hylarana flavescens,1.2,Resource & habitat protection,""
73788625,73788607,Hylarana flavescens,2.1,Site/area management,""
73788770,73788764,Hylarana urbis,1.2,Resource & habitat protection,""
73788787,73788782,Hylarana caesari,1.2,Resource & habitat protection,""
73788842,73788833,Hylarana magna,1.1,Site/area protection,""
73788842,73788833,Hylarana magna,1.2,Resource & habitat protection,""
73959496,73959431,Micrixalus kurichiyari,1.2,Resource & habitat protection,""
73960024,73960020,Micrixalus niluvasei,1.1,Site/area protection,""
73960024,73960020,Micrixalus niluvasei,1.2,Resource & habitat protection,""
73960024,73960020,Micrixalus niluvasei,5.2,Policies and regulations,""
73960044,73960040,Micrixalus sairandhri,1.2,Resource & habitat protection,""
73962058,73961281,Micrixalus spelunca,1.2,Resource & habitat protection,""
73963701,73963691,Micrixalus uttaraghati,4.3,Awareness & communications,""
73963701,73963691,Micrixalus uttaraghati,1.2,Resource & habitat protection,""
73964543,73964539,Micrixalus adonis,1.1,Site/area protection,""
73964543,73964539,Micrixalus adonis,1.2,Resource & habitat protection,""
73965406,73965400,Micrixalus mallani,1.1,Site/area protection,""
73965406,73965400,Micrixalus mallani,1.2,Resource & habitat protection,""
73965523,73965533,Micrixalus nudis,1.1,Site/area protection,""
73965523,73965533,Micrixalus nudis,1.2,Resource & habitat protection,""
73967869,73967847,Micrixalus sali,1.1,Site/area protection,""
73967869,73967847,Micrixalus sali,4.3,Awareness & communications,""
73967869,73967847,Micrixalus sali,1.2,Resource & habitat protection,""
73967908,73967876,Micrixalus frigidus,4.3,Awareness & communications,""
73967908,73967876,Micrixalus frigidus,1.2,Resource & habitat protection,""
73967908,73967876,Micrixalus frigidus,5.2,Policies and regulations,""
73967921,73967915,Micrixalus nigraventris,1.2,Resource & habitat protection,""
73967921,73967915,Micrixalus nigraventris,2.1,Site/area management,""
73971896,73971314,Micrixalus specca,1.1,Site/area protection,""
73971896,73971314,Micrixalus specca,4.3,Awareness & communications,""
73971896,73971314,Micrixalus specca,1.2,Resource & habitat protection,""
73971902,73972049,Micrixalus fuscus,1.1,Site/area protection,""
73971902,73972049,Micrixalus fuscus,1.2,Resource & habitat protection,""
73972656,73972645,Micrixalus herrei,1.1,Site/area protection,""
73972656,73972645,Micrixalus herrei,1.2,Resource & habitat protection,""
86897335,189814,Raorchestes resplendens,2.1,Site/area management,""
87721492,87739329,Raorchestes flaviventris,1.1,Site/area protection,""
87721492,87739329,Raorchestes flaviventris,1.2,Resource & habitat protection,""
87739274,87739247,Ghatixalus magnus,1.2,Resource & habitat protection,""
112691361,112691330,Nyctibatrachus pulivijayani,1.1,Site/area protection,""
112691361,112691330,Nyctibatrachus pulivijayani,4.3,Awareness & communications,""
112691361,112691330,Nyctibatrachus pulivijayani,1.2,Resource & habitat protection,""
112691514,112691501,Nyctibatrachus sabarimalai,1.1,Site/area protection,""
112691514,112691501,Nyctibatrachus sabarimalai,4.3,Awareness & communications,""
112691514,112691501,Nyctibatrachus sabarimalai,1.2,Resource & habitat protection,""
112691564,112691545,Nyctibatrachus webilla,1.1,Site/area protection,""
112691564,112691545,Nyctibatrachus webilla,4.3,Awareness & communications,""
112691564,112691545,Nyctibatrachus webilla,1.2,Resource & habitat protection,""
115932944,36652,Aglaia malabarica,3.1.1,Harvest management,""
115932944,36652,Aglaia malabarica,3.4.2,Genome resource bank,""
119040796,31199,Syzygium occidentale,3.2,Species recovery,""
119040796,31199,Syzygium occidentale,5.2,Policies and regulations,""
119040796,31199,Syzygium occidentale,2.3,Habitat & natural process restoration,""
119040966,38821,Syzygium parameswaranii,3.2,Species recovery,""
119040966,38821,Syzygium parameswaranii,3.4.2,Genome resource bank,""
119040966,38821,Syzygium parameswaranii,2.1,Site/area management,""
119040966,38821,Syzygium parameswaranii,2.3,Habitat & natural process restoration,""
119044958,31170,Vateria macrocarpa,3.1.1,Harvest management,""
119044958,31170,Vateria macrocarpa,3.2,Species recovery,""
119044958,31170,Vateria macrocarpa,3.4.2,Genome resource bank,""
119044958,31170,Vateria macrocarpa,1.2,Resource & habitat protection,""
119243088,119243084,Indirana paramakri,1.1,Site/area protection,""
119243088,119243084,Indirana paramakri,1.2,Resource & habitat protection,""
119243164,119243159,Indirana tysoni,1.1,Site/area protection,""
119243164,119243159,Indirana tysoni,1.2,Resource & habitat protection,""
119243178,119243173,Indirana yadera,1.1,Site/area protection,""
119243178,119243173,Indirana yadera,1.2,Resource & habitat protection,""
138500009,31220,Actinodaphne bourneae,1.2,Resource & habitat protection,""
138500009,31220,Actinodaphne bourneae,4.3,Awareness & communications,""
138500009,31220,Actinodaphne bourneae,1.1,Site/area protection,""
138502123,33497,Litsea leiantha,1.1,Site/area protection,""
138502123,33497,Litsea leiantha,4.3,Awareness & communications,""
138502123,33497,Litsea leiantha,1.2,Resource & habitat protection,""
138508872,62565,Actinodaphne campanulata,1.2,Resource & habitat protection,""
138508872,62565,Actinodaphne campanulata,4.3,Awareness & communications,""
138508872,62565,Actinodaphne campanulata,1.1,Site/area protection,""
145297168,144052276,Beilschmiedia aborensis,1.2,Resource & habitat protection,""
145297168,144052276,Beilschmiedia aborensis,4.3,Awareness & communications,""
145297168,144052276,Beilschmiedia aborensis,1.1,Site/area protection,""
145297198,144053300,Beilschmiedia andamanensis,1.2,Resource & habitat protection,""
145297198,144053300,Beilschmiedia andamanensis,4.3,Awareness & communications,""
145297198,144053300,Beilschmiedia andamanensis,1.1,Site/area protection,""
145297273,144056383,Beilschmiedia brandisii,1.2,Resource & habitat protection,""
145297273,144056383,Beilschmiedia brandisii,4.3,Awareness & communications,""
145297273,144056383,Beilschmiedia brandisii,1.1,Site/area protection,""
145297963,145290519,Beilschmiedia sikkimensis,1.2,Resource & habitat protection,""
145297963,145290519,Beilschmiedia sikkimensis,4.3,Awareness & communications,""
145297963,145290519,Beilschmiedia sikkimensis,1.1,Site/area protection,""
145415813,145301615,Cinnamomum bhaskarii,1.2,Resource & habitat protection,""
145415813,145301615,Cinnamomum bhaskarii,4.3,Awareness & communications,""
145415813,145301615,Cinnamomum bhaskarii,1.1,Site/area protection,""
145415823,145301728,Cinnamomum bishnupadae,1.2,Resource & habitat protection,""
145415823,145301728,Cinnamomum bishnupadae,5.1.1,International level,""
145415823,145301728,Cinnamomum bishnupadae,1.1,Site/area protection,""
145415833,145301965,Cinnamomum blandfordii,1.2,Resource & habitat protection,""
145415833,145301965,Cinnamomum blandfordii,4.3,Awareness & communications,""
145415833,145301965,Cinnamomum blandfordii,1.1,Site/area protection,""
145416111,145310645,Cinnamomum kingdon-wardii,1.2,Resource & habitat protection,""
145416111,145310645,Cinnamomum kingdon-wardii,4.3,Awareness & communications,""
145416111,145310645,Cinnamomum kingdon-wardii,1.1,Site/area protection,""
145416166,145311979,Cinnamomum lohitensis,1.2,Resource & habitat protection,""
145416166,145311979,Cinnamomum lohitensis,4.3,Awareness & communications,""
145416166,145311979,Cinnamomum lohitensis,1.1,Site/area protection,""
145416471,145344026,Cinnamomum sanjappae,1.2,Resource & habitat protection,""
145416471,145344026,Cinnamomum sanjappae,4.3,Awareness & communications,""
145416471,145344026,Cinnamomum sanjappae,1.1,Site/area protection,""
145416576,145404323,Cinnamomum suvrae,1.2,Resource & habitat protection,""
145416576,145404323,Cinnamomum suvrae,4.3,Awareness & communications,""
145416576,145404323,Cinnamomum suvrae,1.1,Site/area protection,""
147294060,37611,Euphorbia vajravelui,3.4.2,Genome resource bank,""
147294060,37611,Euphorbia vajravelui,3.4.1,Captive breeding/artificial propagation,""
149680186,149680126,Mysticellus franki,1.2,Resource & habitat protection,""
149682627,149682598,Leptobrachella lateralis,1.1,Site/area protection,""
149682627,149682598,Leptobrachella lateralis,1.2,Resource & habitat protection,""
149682627,149682598,Leptobrachella lateralis,2.3,Habitat & natural process restoration,""
149812631,31200,Syzygium palghatense,3.2,Species recovery,""
149812631,31200,Syzygium palghatense,2.1,Site/area management,""
149812631,31200,Syzygium palghatense,2.3,Habitat & natural process restoration,""
149813923,32866,Syzygium bourdillonii,3.2,Species recovery,""
149813923,32866,Syzygium bourdillonii,3.4.2,Genome resource bank,""
149813923,32866,Syzygium bourdillonii,2.3,Habitat & natural process restoration,""
150087543,150087536,Megophrys flavipunctata,1.1,Site/area protection,""
150087543,150087536,Megophrys flavipunctata,1.2,Resource & habitat protection,""
150087783,150087712,Megophrys himalayana,1.1,Site/area protection,""
150087783,150087712,Megophrys himalayana,1.2,Resource & habitat protection,""
150087885,150087877,Megophrys oreocrypta,1.1,Site/area protection,""
150087885,150087877,Megophrys oreocrypta,1.2,Resource & habitat protection,""
150088664,150088659,Microhyla laterite,1.2,Resource & habitat protection,""
150088664,150088659,Microhyla laterite,1.1,Site/area protection,""
153622583,152958245,Litsea membranifolia,1.2,Resource & habitat protection,""
153622583,152958245,Litsea membranifolia,4.3,Awareness & communications,""
153622583,152958245,Litsea membranifolia,1.1,Site/area protection,""
153622868,153115088,Litsea oleoides,1.2,Resource & habitat protection,""
153622868,153115088,Litsea oleoides,4.3,Awareness & communications,""
153622868,153115088,Litsea oleoides,1.1,Site/area protection,""
153622903,153116010,Litsea assamica,1.2,Resource & habitat protection,""
153622903,153116010,Litsea assamica,4.3,Awareness & communications,""
153622903,153116010,Litsea assamica,1.1,Site/area protection,""
153622908,153116061,Litsea mishmiensis,1.2,Resource & habitat protection,""
153622908,153116061,Litsea mishmiensis,1.1,Site/area protection,""
153622908,153116061,Litsea mishmiensis,4.3,Awareness & communications,""
156580466,209668480,Hylarana aurantiaca,1.1,Site/area protection,""
156580466,209668480,Hylarana aurantiaca,1.2,Resource & habitat protection,""
157563361,157146680,Actinodaphne andamanica,1.2,Resource & habitat protection,""
157563361,157146680,Actinodaphne andamanica,4.3,Awareness & communications,""
157563361,157146680,Actinodaphne andamanica,1.1,Site/area protection,""
157563506,157150683,Actinodaphne longipes,1.1,Site/area protection,""
157563506,157150683,Actinodaphne longipes,4.3,Awareness & communications,""
157563506,157150683,Actinodaphne longipes,1.2,Resource & habitat protection,""
158892410,158847184,Vitex wimberleyi,1.1,Site/area protection,""
158892410,158847184,Vitex wimberleyi,4.3,Awareness & communications,""
158892410,158847184,Vitex wimberleyi,1.2,Resource & habitat protection,""
159443752,159074166,Cryptocarya andamanica,1.2,Resource & habitat protection,""
159443752,159074166,Cryptocarya andamanica,4.3,Awareness & communications,""
159443752,159074166,Cryptocarya andamanica,1.1,Site/area protection,""
159443782,159079094,Cryptocarya balakrishnanii,1.1,Site/area protection,""
159443782,159079094,Cryptocarya balakrishnanii,4.3,Awareness & communications,""
159443782,159079094,Cryptocarya balakrishnanii,1.2,Resource & habitat protection,""
159443812,159079733,Cryptocarya burkillii,1.2,Resource & habitat protection,""
159443812,159079733,Cryptocarya burkillii,4.3,Awareness & communications,""
159443812,159079733,Cryptocarya burkillii,1.1,Site/area protection,""
159443837,159080036,Cryptocarya cavei,1.1,Site/area protection,""
159443837,159080036,Cryptocarya cavei,4.3,Awareness & communications,""
159443837,159080036,Cryptocarya cavei,1.2,Resource & habitat protection,""
159443877,159080601,Cryptocarya dekae,1.2,Resource & habitat protection,""
159443877,159080601,Cryptocarya dekae,4.3,Awareness & communications,""
159443877,159080601,Cryptocarya dekae,1.1,Site/area protection,""
159443962,159103471,Cryptocarya insularis,1.1,Site/area protection,""
159443962,159103471,Cryptocarya insularis,4.3,Awareness & communications,""
159443962,159103471,Cryptocarya insularis,1.2,Resource & habitat protection,""
159444007,159104035,Cryptocarya lawsonii,1.2,Resource & habitat protection,""
159444007,159104035,Cryptocarya lawsonii,4.2,Training,""
159444007,159104035,Cryptocarya lawsonii,1.1,Site/area protection,""
159444152,159121187,Cryptocarya simonsii,1.2,Resource & habitat protection,""
159444152,159121187,Cryptocarya simonsii,4.3,Awareness & communications,""
159444152,159121187,Cryptocarya simonsii,1.1,Site/area protection,""
166095955,54478,Ghatophryne ornata,1.2,Resource & habitat protection,""
166095955,54478,Ghatophryne ornata,2.1,Site/area management,""
166096204,54584,Duttaphrynus beddomii,2.1,Site/area management,""
166096204,54584,Duttaphrynus beddomii,4.3,Awareness & communications,""
166096204,54584,Duttaphrynus beddomii,1.2,Resource & habitat protection,""
166096349,54593,Duttaphrynus brevirostris,1.1,Site/area protection,""
166096349,54593,Duttaphrynus brevirostris,1.2,Resource & habitat protection,""
166096562,54684,Beduka koynayensis,1.1,Site/area protection,""
166096562,54684,Beduka koynayensis,1.2,Resource & habitat protection,""
166098755,58203,Amolops chakrataensis,1.1,Site/area protection,""
166098755,58203,Amolops chakrataensis,1.2,Resource & habitat protection,""
166099369,58273,Minervarya keralensis,1.1,Site/area protection,""
166099369,58273,Minervarya keralensis,1.2,Resource & habitat protection,""
166099369,58273,Minervarya keralensis,2.1,Site/area management,""
166100666,197660098,Indirana beddomii,1.1,Site/area protection,""
166100666,197660098,Indirana beddomii,1.2,Resource & habitat protection,""
166101287,58312,Walkerana leptodactyla,1.1,Site/area protection,""
166101287,58312,Walkerana leptodactyla,1.2,Resource & habitat protection,""
166101476,58314,Walkerana phrynoderma,1.2,Resource & habitat protection,
166102173,58377,Micrixalus elegans,1.1,Site/area protection,""
166102173,58377,Micrixalus elegans,1.2,Resource & habitat protection,""
166102173,58377,Micrixalus elegans,5.2,Policies and regulations,""
166102249,58379,Micrixalus gadgili,1.1,Site/area protection,""
166102249,58379,Micrixalus gadgili,1.2,Resource & habitat protection,""
166102352,58383,Micrixalus phyllophilus,1.1,Site/area protection,""
166102352,58383,Micrixalus phyllophilus,1.2,Resource & habitat protection,""
166102455,58385,Micrixalus silvaticus,1.2,Resource & habitat protection,""
166102542,58387,Micrixalus thampii,1.2,Resource & habitat protection,""
166102542,58387,Micrixalus thampii,5.2,Policies and regulations,""
166102719,58395,Nyctibatrachus aliciae,1.2,Resource & habitat protection,""
166102719,58395,Nyctibatrachus aliciae,1.1,Site/area protection,""
166102930,58399,Nyctibatrachus karnatakaensis,4.3,Awareness & communications,""
166102930,58399,Nyctibatrachus karnatakaensis,2.1,Site/area management,""
166103114,58401,Nyctibatrachus major,2.1,Site/area management,""
166103238,58402,Nyctibatrachus minor,1.2,Resource & habitat protection,""
166103339,58403,Nyctibatrachus sanctipalustris,1.1,Site/area protection,""
166103339,58403,Nyctibatrachus sanctipalustris,1.2,Resource & habitat protection,""
166103461,58404,Nyctibatrachus sylvaticus,1.1,Site/area protection,""
166103461,58404,Nyctibatrachus sylvaticus,1.2,Resource & habitat protection,""
166104490,58571,Ingerana charlesdarwini,1.2,Resource & habitat protection,""
166104490,58571,Ingerana charlesdarwini,2.1,Site/area management,""
166104490,58571,Ingerana charlesdarwini,2.2,Invasive/problematic species control,""
166105738,58788,Chirixalus dudhwaensis,1.1,Site/area protection,""
166105738,58788,Chirixalus dudhwaensis,1.2,Resource & habitat protection,""
166106548,58829,Raorchestes chalazodes,1.2,Resource & habitat protection,
166106548,58829,Raorchestes chalazodes,1.1,Site/area protection,
166106955,58847,Raorchestes glandulosus,1.1,Site/area protection,""
166106955,58847,Raorchestes glandulosus,1.2,Resource & habitat protection,""
166107068,58849,Raorchestes griet,1.1,Site/area protection,
166107068,58849,Raorchestes griet,1.2,Resource & habitat protection,
166107469,58876,Philautus namdaphaensis,1.1,Site/area protection,""
166107469,58876,Philautus namdaphaensis,1.2,Resource & habitat protection,""
166107469,58876,Philautus namdaphaensis,2.1,Site/area management,""
166107945,58903,Raorchestes signatus,2.1,Site/area management,""
166107945,58903,Raorchestes signatus,4.3,Awareness & communications,""
166108604,58926,Raorchestes tinniens,2.1,Site/area management,""
166108604,58926,Raorchestes tinniens,1.1,Site/area protection,""
166108604,58926,Raorchestes tinniens,1.2,Resource & habitat protection,""
166108604,58926,Raorchestes tinniens,2.2,Invasive/problematic species control,""
166108604,58926,Raorchestes tinniens,4.3,Awareness & communications,""
166108743,58927,Raorchestes travancoricus,1.1,Site/area protection,""
166108743,58927,Raorchestes travancoricus,1.2,Resource & habitat protection,""
166108743,58927,Raorchestes travancoricus,2.1,Site/area management,""
166109531,58983,Rhacophorus calcadensis,1.1,Site/area protection,""
166109531,58983,Rhacophorus calcadensis,1.2,Resource & habitat protection,""
166109981,59027,Ghatixalus variabilis,1.1,Site/area protection,""
166109981,59027,Ghatixalus variabilis,4.3,Awareness & communications,""
166109981,59027,Ghatixalus variabilis,5.2,Policies and regulations,""
166111992,61850,Uperodon assamensis,1.1,Site/area protection,""
166111992,61850,Uperodon assamensis,1.2,Resource & habitat protection,""
166112244,61885,Raorchestes nerostagona,1.2,Resource & habitat protection,""
166112244,61885,Raorchestes nerostagona,1.1,Site/area protection,""
166112666,135879,Megophrys zunhebotoensis,1.1,Site/area protection,""
166112666,135879,Megophrys zunhebotoensis,1.2,Resource & habitat protection,""
166113102,136045,Nyctibatrachus minimus,1.1,Site/area protection,""
166113102,136045,Nyctibatrachus minimus,1.2,Resource & habitat protection,""
166113212,136049,Minervarya nicobariensis,2.1,Site/area management,""
166113212,136049,Minervarya nicobariensis,1.1,Site/area protection,""
166113999,158638,Amolops assamensis,4.3,Awareness & communications,""
166113999,158638,Amolops assamensis,1.2,Resource & habitat protection,""
166114332,173018,Nyctibatrachus dattatreyaensis,1.2,Resource & habitat protection,""
166114332,173018,Nyctibatrachus dattatreyaensis,1.1,Site/area protection,""
166114872,186160,Raorchestes chotta,2.1,Site/area management,
166114872,186160,Raorchestes chotta,1.1,Site/area protection,
166115005,186161,Raorchestes coonoorensis,1.1,Site/area protection,""
166115005,186161,Raorchestes coonoorensis,1.2,Resource & habitat protection,""
166115130,186163,Raorchestes kaikatti,1.2,Resource & habitat protection,
166115130,186163,Raorchestes kaikatti,1.1,Site/area protection,
166115426,186165,Raorchestes marki,1.2,Resource & habitat protection,
166115426,186165,Raorchestes marki,1.1,Site/area protection,
166115575,186166,Raorchestes sushili,2.1,Site/area management,""
166115729,187830,Raorchestes chromasynchysi,1.1,Site/area protection,""
166115729,187830,Raorchestes chromasynchysi,1.2,Resource & habitat protection,""
166115894,189700,Beduka amboli,1.1,Site/area protection,""
166115894,189700,Beduka amboli,1.2,Resource & habitat protection,""
166116623,78521208,Nyctibatrachus kumbara,1.1,Site/area protection,""
166116623,78521208,Nyctibatrachus kumbara,4.3,Awareness & communications,""
166116623,78521208,Nyctibatrachus kumbara,1.2,Resource & habitat protection,""
166116648,79080668,Megophrys oropedion,1.1,Site/area protection,""
166116648,79080668,Megophrys oropedion,1.2,Resource & habitat protection,""
166116653,79095367,Mercurana myristicapalustris,2.3,Habitat & natural process restoration,""
166116653,79095367,Mercurana myristicapalustris,1.2,Resource & habitat protection,""
166116653,79095367,Mercurana myristicapalustris,1.1,Site/area protection,""
166116673,79719834,Beddomixalus bijui,2.3,Habitat & natural process restoration,""
166116673,79719834,Beddomixalus bijui,2.1,Site/area management,""
166116673,79719834,Beddomixalus bijui,1.2,Resource & habitat protection,""
166116688,88368304,Megophrys vegrandis,1.1,Site/area protection,""
166116688,88368304,Megophrys vegrandis,1.2,Resource & habitat protection,""
166116733,89183211,Indirana salelkari,1.1,Site/area protection,""
166116733,89183211,Indirana salelkari,1.2,Resource & habitat protection,""
166116920,121370882,Minervarya manoharani,2.1,Site/area management,""
166116971,165414176,Minervarya goemchi,1.1,Site/area protection,""
166116971,165414176,Minervarya goemchi,1.2,Resource & habitat protection,""
166156075,88369128,Micrixalus kottigeharensis,1.1,Site/area protection,""
166156075,88369128,Micrixalus kottigeharensis,1.2,Resource & habitat protection,""
166156075,88369128,Micrixalus kottigeharensis,5.2,Policies and regulations,""
166156380,88378424,Nyctibatrachus beddomii,1.1,Site/area protection,""
166156380,88378424,Nyctibatrachus beddomii,4.3,Awareness & communications,""
166156380,88378424,Nyctibatrachus beddomii,1.2,Resource & habitat protection,""
166156380,88378424,Nyctibatrachus beddomii,5.2,Policies and regulations,""
166156541,88378891,Nyctibatrachus deccanensis,1.1,Site/area protection,""
166156541,88378891,Nyctibatrachus deccanensis,2.1,Site/area management,""
169588922,31169,Hopea jacobi,3.2,Species recovery,""
169589096,33018,Hopea glabra,3.2,Species recovery,""
169589096,33018,Hopea glabra,3.3.2,Benign introduction,""
169589143,33022,Hopea racophloea,3.2,Species recovery,""
169589143,33022,Hopea racophloea,3.3.1,Reintroduction,""
169589143,33022,Hopea racophloea,3.4.2,Genome resource bank,""
169589185,33023,Hopea utilis,3.2,Species recovery,""
169589185,33023,Hopea utilis,3.4.1,Captive breeding/artificial propagation,""
172607067,172587745,Dehaasia assamica,1.1,Site/area protection,""
172607067,172587745,Dehaasia assamica,4.3,Awareness & communications,""
172607067,172587745,Dehaasia assamica,1.2,Resource & habitat protection,""
172913103,172738069,Lindera andamanica,1.2,Resource & habitat protection,""
172913103,172738069,Lindera andamanica,4.3,Awareness & communications,""
172913103,172738069,Lindera andamanica,1.1,Site/area protection,""
175597951,175597058,Machilus kingii,1.1,Site/area protection,""
175597951,175597058,Machilus kingii,4.3,Awareness & communications,""
175597951,175597058,Machilus kingii,1.2,Resource & habitat protection,""
175655465,175655434,Cryptocoryne sivadasanii,3.4.1,Captive breeding/artificial propagation,""
175655465,175655434,Cryptocoryne sivadasanii,3.1.1,Harvest management,""
175655465,175655434,Cryptocoryne sivadasanii,3.1.2,Trade management,""
175655465,175655434,Cryptocoryne sivadasanii,1.1,Site/area protection,""
175746105,175615495,Phoebe angustifolia,1.1,Site/area protection,""
175746105,175615495,Phoebe angustifolia,4.3,Awareness & communications,""
175746105,175615495,Phoebe angustifolia,1.2,Resource & habitat protection,""
176691123,31275,Sloanea tomentosa,3.2,Species recovery,""
176691123,31275,Sloanea tomentosa,3.3.1,Reintroduction,""
176691123,31275,Sloanea tomentosa,1.1,Site/area protection,""
176691123,31275,Sloanea tomentosa,4.3,Awareness & communications,""
176691123,31275,Sloanea tomentosa,1.2,Resource & habitat protection,""
176691123,31275,Sloanea tomentosa,2.3,Habitat & natural process restoration,""
176691179,176680211,Antidesma khasianum,3.4.2,Genome resource bank,""
176691179,176680211,Antidesma khasianum,1.1,Site/area protection,""
176691179,176680211,Antidesma khasianum,4.3,Awareness & communications,""
176691179,176680211,Antidesma khasianum,2.3,Habitat & natural process restoration,""
176861755,176856760,Ormosia robusta,3.2,Species recovery,""
176861755,176856760,Ormosia robusta,3.3.1,Reintroduction,""
176861755,176856760,Ormosia robusta,1.1,Site/area protection,""
176861755,176856760,Ormosia robusta,4.3,Awareness & communications,""
176861755,176856760,Ormosia robusta,2.3,Habitat & natural process restoration,""
176861795,176857958,Syzygium khasianum,1.1,Site/area protection,""
176861795,176857958,Syzygium khasianum,1.2,Resource & habitat protection,""
176861795,176857958,Syzygium khasianum,2.1,Site/area management,""
176861795,176857958,Syzygium khasianum,3.2,Species recovery,""
176861795,176857958,Syzygium khasianum,3.3.1,Reintroduction,""
176861795,176857958,Syzygium khasianum,4.3,Awareness & communications,""
176861795,176857958,Syzygium khasianum,6.4,Conservation payments,""
177969102,177962982,Dipcadi goaense,3.3.1,Reintroduction,""
177969102,177962982,Dipcadi goaense,3.4.1,Captive breeding/artificial propagation,""
177969102,177962982,Dipcadi goaense,1.1,Site/area protection,""
177969102,177962982,Dipcadi goaense,1.2,Resource & habitat protection,""
181389582,181140345,Megophrys awuh,1.1,Site/area protection,""
181389582,181140345,Megophrys awuh,1.2,Resource & habitat protection,""
181391525,181141076,Megophrys dzukou,1.1,Site/area protection,""
181391525,181141076,Megophrys dzukou,1.2,Resource & habitat protection,""
181516499,181473105,Blythophryne beryet,1.1,Site/area protection,""
181516499,181473105,Blythophryne beryet,2.2,Invasive/problematic species control,""
181516499,181473105,Blythophryne beryet,2.1,Site/area management,""
181893398,181140883,Megophrys numhbumaeng,1.1,Site/area protection,""
181893398,181140883,Megophrys numhbumaeng,1.2,Resource & habitat protection,""
186884436,186884431,Pecteilis triflora,3.4.1,Captive breeding/artificial propagation,""
186885121,184539455,Crepidium aphyllum,3.4.1,Captive breeding/artificial propagation,""
186885121,184539455,Crepidium aphyllum,1.1,Site/area protection,""
186885369,186884507,Peristylus sahanii,3.4.1,Captive breeding/artificial propagation,""
186885369,186884507,Peristylus sahanii,1.2,Resource & habitat protection,""
186885384,186884978,Eulophia obtusa,3.2,Species recovery,""
186885384,186884978,Eulophia obtusa,3.3.1,Reintroduction,""
186885384,186884978,Eulophia obtusa,3.4.1,Captive breeding/artificial propagation,""
186885394,186885185,Habenaria sahyadrica,1.1,Site/area protection,""
186885394,186885185,Habenaria sahyadrica,1.2,Resource & habitat protection,""
188972478,186301014,Oberonia bopannae,1.2,Resource & habitat protection,""
188972478,186301014,Oberonia bopannae,1.1,Site/area protection,""
188972478,186301014,Oberonia bopannae,4.3,Awareness & communications,""
188972478,186301014,Oberonia bopannae,5.1.2,National level,""
188972478,186301014,Oberonia bopannae,5.1.3,Sub-national level,""
191546963,191546628,Adelocaryum lambertianum,3.2,Species recovery,""
191546963,191546628,Adelocaryum lambertianum,3.4.1,Captive breeding/artificial propagation,""
191546963,191546628,Adelocaryum lambertianum,1.1,Site/area protection,""
191546963,191546628,Adelocaryum lambertianum,4.3,Awareness & communications,""
191546963,191546628,Adelocaryum lambertianum,5.1.3,Sub-national level,""
191546963,191546628,Adelocaryum lambertianum,1.2,Resource & habitat protection,""
191546963,191546628,Adelocaryum lambertianum,5.2,Policies and regulations,""
191546963,191546628,Adelocaryum lambertianum,2.1,Site/area management,""
191547198,191547129,Adelocaryum malabaricum,3.3.1,Reintroduction,""
191547198,191547129,Adelocaryum malabaricum,3.4.1,Captive breeding/artificial propagation,""
191547198,191547129,Adelocaryum malabaricum,1.1,Site/area protection,""
191547198,191547129,Adelocaryum malabaricum,4.3,Awareness & communications,""
191547198,191547129,Adelocaryum malabaricum,1.2,Resource & habitat protection,""
191547198,191547129,Adelocaryum malabaricum,2.1,Site/area management,""
191547198,191547129,Adelocaryum malabaricum,2.3,Habitat & natural process restoration,""
191681934,191681904,Distimake rhyncorhiza,3.3.1,Reintroduction,""
191681934,191681904,Distimake rhyncorhiza,3.4.1,Captive breeding/artificial propagation,""
191681934,191681904,Distimake rhyncorhiza,1.1,Site/area protection,""
197729585,168904,Cryptocoryne cognata,1.2,Resource & habitat protection,
197729797,175218,Cryptocoryne consobrina,3.1.1,Harvest management,""
197729797,175218,Cryptocoryne consobrina,1.2,Resource & habitat protection,""
201031154,33645,Dialium travancoricum,3.2,Species recovery,""
201031154,33645,Dialium travancoricum,3.3.1,Reintroduction,""
201031154,33645,Dialium travancoricum,3.4.1,Captive breeding/artificial propagation,""
201031154,33645,Dialium travancoricum,1.1,Site/area protection,""
201031154,33645,Dialium travancoricum,4.3,Awareness & communications,""
201031235,33647,Prioria pinnata,4.3,Awareness & communications,""
201031235,33647,Prioria pinnata,2.3,Habitat & natural process restoration,""
201031315,38758,Aporosa bourdillonii,3.4.2,Genome resource bank,""
201031398,201031081,Syzygium periyarense,3.2,Species recovery,""
201031398,201031081,Syzygium periyarense,3.4.2,Genome resource bank,""
201031398,201031081,Syzygium periyarense,1.1,Site/area protection,""
201031398,201031081,Syzygium periyarense,2.1,Site/area management,""
202740876,202532388,Brownlowia elata,1.1,Site/area protection,""
202740876,202532388,Brownlowia elata,4.3,Awareness & communications,""
202740876,202532388,Brownlowia elata,1.2,Resource & habitat protection,""
209009666,208974595,Ochna gamblei,2.3,Habitat & natural process restoration,Sacred groves and sand dunes need to be protected and restored.
209009666,208974595,Ochna gamblei,3.4.1,Captive breeding/artificial propagation,The regeneration is very less in the two observation plots. 
210023247,210010463,Syzygium calophyllifolium,3.2,Species recovery,""
210023247,210010463,Syzygium calophyllifolium,2.1,Site/area management,""
210023247,210010463,Syzygium calophyllifolium,2.2,Invasive/problematic species control,""
210023247,210010463,Syzygium calophyllifolium,2.3,Habitat & natural process restoration,""
210023277,210013452,Ficus beddomei,4.3,Awareness & communications,""
210023277,210013452,Ficus beddomei,1.2,Resource & habitat protection,""
210023277,210013452,Ficus beddomei,2.3,Habitat & natural process restoration,""
210023277,210013452,Ficus beddomei,5.1.3,Sub-national level,""
210023282,210013545,Ficus costata,3.2,Species recovery,""
210023282,210013545,Ficus costata,1.2,Resource & habitat protection,""
210023282,210013545,Ficus costata,2.3,Habitat & natural process restoration,""
210023287,210013949,Ficus dalhousiae,3.2,Species recovery,""
210023287,210013949,Ficus dalhousiae,1.2,Resource & habitat protection,""
215199554,215199522,Lepidagathis clavata,3.4.1,Captive breeding/artificial propagation,""
215199554,215199522,Lepidagathis clavata,1.1,Site/area protection,""
215199554,215199522,Lepidagathis clavata,4.3,Awareness & communications,""
215199554,215199522,Lepidagathis clavata,1.2,Resource & habitat protection,""
215199554,215199522,Lepidagathis clavata,2.1,Site/area management,""
215199554,215199522,Lepidagathis clavata,2.3,Habitat & natural process restoration,""
218986656,22679330,Syrmaticus humiae,1.1,Site/area protection,"Increasing the area of this species' range circumscribed by protected areas is a priority, as is ensuring existing protected areas are sufficiently resourced to safeguard this species (and others) from habitat loss and hunting.
</P>"
218986656,22679330,Syrmaticus humiae,4.3,Awareness & communications,"Choudhury (2009) recommended that awareness campaigns amongst rural communities are carried out.
<p>"
222292347,222291660,Syzygium sasidharanii,2.1,Site/area management,""
222292347,222291660,Syzygium sasidharanii,2.3,Habitat & natural process restoration,""
222292384,222291715,Syzygium agastyamalayanum,3.2,Species recovery,""
222292384,222291715,Syzygium agastyamalayanum,2.3,Habitat & natural process restoration,""
222292498,222292291,Syzygium ponmudianum,3.2,Species recovery,""
222292498,222292291,Syzygium ponmudianum,3.4.2,Genome resource bank,""
224811039,22729465,Spilornis klossi,1.1,Site/area protection,Enforcing protection in the Great Nicobar Biosphere Reserve will be important to safeguarding its future.
225970391,225970375,Madhuca balakrishnanii,3.2,Species recovery,""
225970391,225970375,Madhuca balakrishnanii,3.4.2,Genome resource bank,""
225970391,225970375,Madhuca balakrishnanii,2.3,Habitat & natural process restoration,""
225970391,225970375,Madhuca balakrishnanii,3.3.1,Reintroduction,""
230038665,22695494,Accipiter butleri,1.1,Site/area protection,Develop a community-governed protected area on Katchall (K. Sivakumar <i>in litt</i>. 2012). 
230253271,82031633,Sousa plumbea,3.2,Species recovery,""
230253271,82031633,Sousa plumbea,1.1,Site/area protection,""
230253271,82031633,Sousa plumbea,4.3,Awareness & communications,""
230253271,82031633,Sousa plumbea,1.2,Resource & habitat protection,""
230253271,82031633,Sousa plumbea,2.1,Site/area management,""
231194805,33007,Dipterocarpus alatus,3.1.1,Harvest management,""
231194805,33007,Dipterocarpus alatus,3.1.2,Trade management,""
231194805,33007,Dipterocarpus alatus,3.4.2,Genome resource bank,""
231194805,33007,Dipterocarpus alatus,1.2,Resource & habitat protection,""
239579839,239579056,Medinilla anamalaiana,3.2,Species recovery,""
239579839,239579056,Medinilla anamalaiana,2.1,Site/area management,""
239579839,239579056,Medinilla anamalaiana,2.3,Habitat & natural process restoration,""
239579839,239579056,Medinilla anamalaiana,3.4.2,Genome resource bank,""
239579839,239579056,Medinilla anamalaiana,4.3,Awareness & communications,""
241500854,22681585,Mulleripicus pulverulentus,1.1,Site/area protection,"The principal action needed is the (effective) protection of remaining lowland blocks of forest, especially in Cambodia, Lao PDR and Myanmar, all of which likely host a significant proportion of the global population of this species. Stop selective logging in mature stands of sal Shorea robusta in Himalayan foothills (Kumar and Shahabuddin 2012)."
241500854,22681585,Mulleripicus pulverulentus,1.2,Resource & habitat protection,"The principal action needed is the (effective) protection of remaining lowland blocks of forest, especially in Cambodia, Lao PDR and Myanmar, all of which likely host a significant proportion of the global population of this species."
241500854,22681585,Mulleripicus pulverulentus,2.3,Habitat & natural process restoration,Increase forest connectivity throughout its range.
247654386,4615,Chelonia mydas,5.4.4,Scale unspecified,None
61985350,61985348,Podophyllum hexandrum,3.1.1,Harvest management,""
61985350,61985348,Podophyllum hexandrum,3.1.2,Trade management,""
61985350,61985348,Podophyllum hexandrum,6.4,Conservation payments,""
61985350,61985348,Podophyllum hexandrum,5.4.1,International level,""
61985350,61985348,Podophyllum hexandrum,5.4.2,National level,""
61985350,61985348,Podophyllum hexandrum,5.3,Private sector standards & codes,""
61985350,61985348,Podophyllum hexandrum,6.2,Substitution,""
61985350,61985348,Podophyllum hexandrum,3.4.1,Captive breeding/artificial propagation,""
61985350,61985348,Podophyllum hexandrum,4.3,Awareness & communications,""
61985350,61985348,Podophyllum hexandrum,6.1,Linked enterprises & livelihood alternatives,""
61985350,61985348,Podophyllum hexandrum,5.1.1,International level,""
61985350,61985348,Podophyllum hexandrum,5.1.2,National level,""
61985350,61985348,Podophyllum hexandrum,1.2,Resource & habitat protection,""
61987625,61987623,Canarium euphyllum,1.1,Site/area protection,""
61987625,61987623,Canarium euphyllum,4.3,Awareness & communications,""
61987625,61987623,Canarium euphyllum,2.1,Site/area management,""
115932401,253632034,Syzygium stocksii,2.1,Site/area management,""
117645817,33642,Elaeocarpus recurvatus,2.3,Habitat & natural process restoration,""
117645817,33642,Elaeocarpus recurvatus,3.2,Species recovery,""
117645817,33642,Elaeocarpus recurvatus,1.1,Site/area protection,""
129336875,129335824,Palaquium polyanthum,1.1,Site/area protection,""
129336875,129335824,Palaquium polyanthum,4.3,Awareness & communications,""
129336875,129335824,Palaquium polyanthum,2.1,Site/area management,""
153622783,153112765,Litsea coelestis,1.1,Site/area protection,""
153622783,153112765,Litsea coelestis,4.3,Awareness & communications,""
153622783,153112765,Litsea coelestis,1.2,Resource & habitat protection,""
156940901,155993997,Syzygium avene,1.1,Site/area protection,""
156940901,155993997,Syzygium avene,4.3,Awareness & communications,""
156940901,155993997,Syzygium avene,2.1,Site/area management,""
172581635,172580995,Alseodaphnopsis petiolaris,1.2,Resource & habitat protection,""
172581635,172580995,Alseodaphnopsis petiolaris,4.3,Awareness & communications,""
172581635,172580995,Alseodaphnopsis petiolaris,1.1,Site/area protection,""
173472237,31185,Cynometra bourdillonii,3.4.1,Captive breeding/artificial propagation,""
173472237,31185,Cynometra bourdillonii,3.4.2,Genome resource bank,""
173472237,31185,Cynometra bourdillonii,1.1,Site/area protection,""
173472237,31185,Cynometra bourdillonii,1.2,Resource & habitat protection,""
177944173,177944137,Premna debiana,1.1,Site/area protection,""
177944173,177944137,Premna debiana,4.3,Awareness & communications,""
177944173,177944137,Premna debiana,1.2,Resource & habitat protection,""
179054978,179054974,Dasymaschalon longiflorum,3.4.2,Genome resource bank,""
187022622,187022603,Murdannia assamica,2.1,Site/area management,""
187022622,187022603,Murdannia assamica,1.2,Resource & habitat protection,""
187022673,187022663,Murdannia brownii,1.2,Resource & habitat protection,""
187022673,187022663,Murdannia brownii,2.3,Habitat & natural process restoration,""
187024275,187024265,Murdannia saddlepeakensis,1.2,Resource & habitat protection,""
187025974,187025460,Murdannia sanjappae,1.2,Resource & habitat protection,""
191547574,191547570,Amorphophallus smithsonianus,3.4.1,Captive breeding/artificial propagation,""
191547574,191547570,Amorphophallus smithsonianus,2.1,Site/area management,""
191547574,191547570,Amorphophallus smithsonianus,2.3,Habitat & natural process restoration,""
202740770,202483877,Semecarpus kurzii,1.1,Site/area protection,""
202740770,202483877,Semecarpus kurzii,4.3,Awareness & communications,""
202740770,202483877,Semecarpus kurzii,1.2,Resource & habitat protection,""
202740785,202483996,Semecarpus prainii,1.1,Site/area protection,""
202740785,202483996,Semecarpus prainii,4.3,Awareness & communications,""
202740785,202483996,Semecarpus prainii,1.2,Resource & habitat protection,""
202740790,202484066,Semecarpus subpanduriformis,1.1,Site/area protection,""
202740790,202484066,Semecarpus subpanduriformis,4.3,Awareness & communications,""
202740790,202484066,Semecarpus subpanduriformis,1.2,Resource & habitat protection,""
202740976,202536352,Grewia nagensium,1.1,Site/area protection,""
202740976,202536352,Grewia nagensium,4.3,Awareness & communications,""
202740976,202536352,Grewia nagensium,1.2,Resource & habitat protection,""
202741202,202732050,Pterospermum aceroides,1.1,Site/area protection,""
202741202,202732050,Pterospermum aceroides,4.3,Awareness & communications,""
202741202,202732050,Pterospermum aceroides,1.2,Resource & habitat protection,""
206909976,206837366,Glochidion andamanicum,1.1,Site/area protection,""
206909976,206837366,Glochidion andamanicum,4.3,Awareness & communications,""
206909976,206837366,Glochidion andamanicum,1.2,Resource & habitat protection,""
210023175,38036,Syzygium caryophyllatum,3.2,Species recovery,""
211814001,211716588,Garcinia succifolia,1.1,Site/area protection,""
211814001,211716588,Garcinia succifolia,2.1,Site/area management,""
213399586,213352738,Chionanthus sumatranus,1.1,Site/area protection,""
213399586,213352738,Chionanthus sumatranus,4.3,Awareness & communications,""
213399586,213352738,Chionanthus sumatranus,2.1,Site/area management,""
218992481,200533196,Meyna pubescens,1.1,Site/area protection,""
218992481,200533196,Meyna pubescens,4.3,Awareness & communications,""
218992481,200533196,Meyna pubescens,2.1,Site/area management,""
220912087,220761693,Lepisanthes andamanica,1.1,Site/area protection,""
220912087,220761693,Lepisanthes andamanica,4.3,Awareness & communications,""
220912087,220761693,Lepisanthes andamanica,2.1,Site/area management,""
224134652,224100285,Planchonella longipetiolata,1.1,Site/area protection,""
224134652,224100285,Planchonella longipetiolata,4.3,Awareness & communications,""
224134652,224100285,Planchonella longipetiolata,2.1,Site/area management,""
224134657,224088253,Gymnocladus burmanicus,1.1,Site/area protection,""
224134657,224088253,Gymnocladus burmanicus,4.3,Awareness & communications,""
224134657,224088253,Gymnocladus burmanicus,2.1,Site/area management,""
224134682,224106293,Tarenna helferi,1.1,Site/area protection,""
224134682,224106293,Tarenna helferi,4.3,Awareness & communications,""
224134682,224106293,Tarenna helferi,2.1,Site/area management,""
224134732,224101293,Syzygium praetermissum,1.1,Site/area protection,""
224134732,224101293,Syzygium praetermissum,4.3,Awareness & communications,""
224134732,224101293,Syzygium praetermissum,2.1,Site/area management,""
224134792,224085585,Dillenia mansonii,1.1,Site/area protection,""
224134792,224085585,Dillenia mansonii,4.3,Awareness & communications,""
224134792,224085585,Dillenia mansonii,2.1,Site/area management,""
224134827,224071631,Allophylus subfalcatus,1.1,Site/area protection,""
224134827,224071631,Allophylus subfalcatus,4.3,Awareness & communications,""
224134827,224071631,Allophylus subfalcatus,2.1,Site/area management,""
224134837,224101709,Syzygium venustum,1.1,Site/area protection,""
224134837,224101709,Syzygium venustum,4.3,Awareness & communications,""
224134837,224101709,Syzygium venustum,2.1,Site/area management,""
226499542,226499453,Elaeocarpus weibelii,3.2,Species recovery,""
226499542,226499453,Elaeocarpus weibelii,3.4.1,Captive breeding/artificial propagation,""
226499542,226499453,Elaeocarpus weibelii,1.1,Site/area protection,""
226499542,226499453,Elaeocarpus weibelii,4.3,Awareness & communications,""
226499542,226499453,Elaeocarpus weibelii,1.2,Resource & habitat protection,""
226499542,226499453,Elaeocarpus weibelii,2.3,Habitat & natural process restoration,""
228009889,228007161,Wrightia indica,3.2,Species recovery,""
228009889,228007161,Wrightia indica,1.1,Site/area protection,""
228009889,228007161,Wrightia indica,4.3,Awareness & communications,""
228009899,228007388,Croton gibsonianus,3.2,Species recovery,""
228009899,228007388,Croton gibsonianus,2.1,Site/area management,""
239579829,239578615,Strobilanthes kunthiana,4.3,Awareness & communications,""
239579829,239578615,Strobilanthes kunthiana,2.1,Site/area management,""
239579829,239578615,Strobilanthes kunthiana,2.2,Invasive/problematic species control,""
239579829,239578615,Strobilanthes kunthiana,2.3,Habitat & natural process restoration,""
239579829,239578615,Strobilanthes kunthiana,1.1,Site/area protection,""
239579834,239578975,Impatiens parasitica,1.1,Site/area protection,""
239579834,239578975,Impatiens parasitica,2.1,Site/area management,""
239579834,239578975,Impatiens parasitica,4.3,Awareness & communications,""
239579834,239578975,Impatiens parasitica,2.3,Habitat & natural process restoration,""
247298014,247297998,Coleus idukkianus,3.4.1,Captive breeding/artificial propagation,""
247298014,247297998,Coleus idukkianus,1.1,Site/area protection,""
247298014,247297998,Coleus idukkianus,2.1,Site/area management,""
254095929,254095810,Ceropegia evansii,3.3.1,Reintroduction,""
254095929,254095810,Ceropegia evansii,1.1,Site/area protection,""
254095929,254095810,Ceropegia evansii,4.3,Awareness & communications,""
254095929,254095810,Ceropegia evansii,2.1,Site/area management,""
254095961,254095865,Ceropegia mohanramii,3.2,Species recovery,""
254095961,254095865,Ceropegia mohanramii,3.3.1,Reintroduction,""
254095961,254095865,Ceropegia mohanramii,3.3.2,Benign introduction,""
254095961,254095865,Ceropegia mohanramii,1.1,Site/area protection,""
254095961,254095865,Ceropegia mohanramii,5.1.3,Sub-national level,""
254095961,254095865,Ceropegia mohanramii,2.1,Site/area management,""
254095961,254095865,Ceropegia mohanramii,3.4.1,Captive breeding/artificial propagation,""
254576956,15954,Panthera pardus,1.2,Resource & habitat protection,
254576956,15954,Panthera pardus,5.4.3,Sub-national level,
254576956,15954,Panthera pardus,5.1.3,Sub-national level,
254576956,15954,Panthera pardus,6.1,Linked enterprises & livelihood alternatives,
254576956,15954,Panthera pardus,2.3,Habitat & natural process restoration,
254576956,15954,Panthera pardus,5.4.2,National level,
254576956,15954,Panthera pardus,3.1.2,Trade management,
254576956,15954,Panthera pardus,3.3.1,Reintroduction,
254576956,15954,Panthera pardus,4.3,Awareness & communications,
254576956,15954,Panthera pardus,5.1.2,National level,
254576956,15954,Panthera pardus,3.1.1,Harvest management,
254576956,15954,Panthera pardus,1.1,Site/area protection,
254576956,15954,Panthera pardus,4.2,Training,
254576956,15954,Panthera pardus,3.4.1,Captive breeding/artificial propagation,
254576956,15954,Panthera pardus,2.1,Site/area management,
259025524,219,Acinonyx jubatus,3.1.1,Harvest management,""
259025524,219,Acinonyx jubatus,3.1.2,Trade management,""
259025524,219,Acinonyx jubatus,6.4,Conservation payments,""
259025524,219,Acinonyx jubatus,6.5,Non-monetary values,""
259025524,219,Acinonyx jubatus,5.4.1,International level,""
259025524,219,Acinonyx jubatus,3.2,Species recovery,""
259025524,219,Acinonyx jubatus,5.4.3,Sub-national level,""
259025524,219,Acinonyx jubatus,3.3.1,Reintroduction,""
259025524,219,Acinonyx jubatus,3.4.1,Captive breeding/artificial propagation,""
259025524,219,Acinonyx jubatus,3.4.2,Genome resource bank,""
259025524,219,Acinonyx jubatus,1.1,Site/area protection,""
259025524,219,Acinonyx jubatus,2.1,Site/area management,""
259025524,219,Acinonyx jubatus,2.3,Habitat & natural process restoration,""
259025524,219,Acinonyx jubatus,1.2,Resource & habitat protection,""
259025524,219,Acinonyx jubatus,4.1,Formal education,""
259025524,219,Acinonyx jubatus,5.4.2,National level,""
259025524,219,Acinonyx jubatus,4.2,Training,""
259025524,219,Acinonyx jubatus,4.3,Awareness & communications,""
259025524,219,Acinonyx jubatus,5.1.2,National level,""
259025524,219,Acinonyx jubatus,6.1,Linked enterprises & livelihood alternatives,""
259025524,219,Acinonyx jubatus,5.2,Policies and regulations,""
61780186,61780183,Lagerstroemia hypoleuca,3.4.1,Captive breeding/artificial propagation,""
61780186,61780183,Lagerstroemia hypoleuca,1.2,Resource & habitat protection,""
61987933,61987931,Mesua ferrea,3.4.2,Genome resource bank,""
61987933,61987931,Mesua ferrea,2.1,Site/area management,""
61987933,61987931,Mesua ferrea,2.3,Habitat & natural process restoration,""
61987933,61987931,Mesua ferrea,4.3,Awareness & communications,""
62038698,62038695,Citrus indica,3.3.1,Reintroduction,""
62038698,62038695,Citrus indica,3.4.1,Captive breeding/artificial propagation,""
62038698,62038695,Citrus indica,3.4.2,Genome resource bank,""
62038698,62038695,Citrus indica,4.2,Training,""
62038698,62038695,Citrus indica,4.3,Awareness & communications,""
62038698,62038695,Citrus indica,1.2,Resource & habitat protection,""
115932548,31219,Myristica malabarica,3.4.2,Genome resource bank,""
115932548,31219,Myristica malabarica,2.1,Site/area management,""
115932548,31219,Myristica malabarica,2.3,Habitat & natural process restoration,""
115932548,31219,Myristica malabarica,3.2,Species recovery,""
117894247,117894243,Canarium strictum,3.4.2,Genome resource bank,""
117894247,117894243,Canarium strictum,4.3,Awareness & communications,""
117894247,117894243,Canarium strictum,3.2,Species recovery,""
117894247,117894243,Canarium strictum,2.3,Habitat & natural process restoration,""
119048739,119048736,Viburnum hebanthum,3.4.1,Captive breeding/artificial propagation,""
119048739,119048736,Viburnum hebanthum,3.4.2,Genome resource bank,""
119048739,119048736,Viburnum hebanthum,2.2,Invasive/problematic species control,""
150219899,150213910,Alseodaphne owdenii,1.1,Site/area protection,""
150219899,150213910,Alseodaphne owdenii,4.3,Awareness & communications,""
150219899,150213910,Alseodaphne owdenii,2.1,Site/area management,""
150219924,150215092,Lindera melastomacea,1.1,Site/area protection,""
150219924,150215092,Lindera melastomacea,4.3,Awareness & communications,""
150219924,150215092,Lindera melastomacea,2.1,Site/area management,""
159054357,159051467,Callicarpa moldenkeana,1.2,Resource & habitat protection,""
159054357,159051467,Callicarpa moldenkeana,4.3,Awareness & communications,""
159054357,159051467,Callicarpa moldenkeana,1.1,Site/area protection,""
169055603,33608,Atuna travancorica,3.2,Species recovery,""
169055603,33608,Atuna travancorica,3.4.2,Genome resource bank,""
169055603,33608,Atuna travancorica,4.3,Awareness & communications,""
169055603,33608,Atuna travancorica,2.3,Habitat & natural process restoration,""
169056351,169056310,Calophyllum austroindicum,3.4.2,Genome resource bank,""
169056351,169056310,Calophyllum austroindicum,4.3,Awareness & communications,""
169056351,169056310,Calophyllum austroindicum,2.3,Habitat & natural process restoration,""
169056798,169056377,Calophyllum pascalianum,3.2,Species recovery,""
169056798,169056377,Calophyllum pascalianum,3.4.2,Genome resource bank,""
169056798,169056377,Calophyllum pascalianum,4.3,Awareness & communications,""
169056798,169056377,Calophyllum pascalianum,2.1,Site/area management,""
169056798,169056377,Calophyllum pascalianum,2.3,Habitat & natural process restoration,""
169056985,169056981,Capparis rheedei,3.2,Species recovery,""
169056985,169056981,Capparis rheedei,3.4.2,Genome resource bank,""
169056985,169056981,Capparis rheedei,1.2,Resource & habitat protection,""
169056985,169056981,Capparis rheedei,2.1,Site/area management,""
169589635,169578317,Reinwardtiodendron anamalaiense,3.4.2,Genome resource bank,""
169589635,169578317,Reinwardtiodendron anamalaiense,2.1,Site/area management,""
169589635,169578317,Reinwardtiodendron anamalaiense,2.3,Habitat & natural process restoration,""
169589635,169578317,Reinwardtiodendron anamalaiense,3.2,Species recovery,""
169589635,169578317,Reinwardtiodendron anamalaiense,4.3,Awareness & communications,""
177944419,177944393,Premna milleflora,1.1,Site/area protection,""
177944419,177944393,Premna milleflora,4.3,Awareness & communications,""
177944419,177944393,Premna milleflora,1.2,Resource & habitat protection,""
180593985,22693431,Calidris ferruginea,1.1,Site/area protection,"Protect remaining intertidal habitats across the species's range (including the Yellow Sea) to prevent further habitat loss and degradation (Yang et al. 2011, Anon. 2015), and work with governments along the East Asian  Australasian Flyway to prevent destruction of key migratory staging sites (Anon. 2015). Implement protection of Australian non-breeding habitats, as well as protecting stopover sites."
180593985,22693431,Calidris ferruginea,4.3,Awareness & communications,Raise awareness of the species.
180593985,22693431,Calidris ferruginea,1.2,Resource & habitat protection,"Protect remaining intertidal habitats across the species's range (including the Yellow Sea) to prevent further habitat loss and degradation (Yang et al. 2011, Anon. 2015), and work with governments along the East Asian  Australasian Flyway to prevent destruction of key migratory staging sites (Anon. 2015)."
180593985,22693431,Calidris ferruginea,5.2,Policies and regulations,Incorporate requirements for this species and others into coastal planning (Anon. 2015).
180593985,22693431,Calidris ferruginea,2.1,Site/area management,Manage important sites to reduce the impact of disturbance (Anon. 2015).
180593985,22693431,Calidris ferruginea,6.1,Linked enterprises & livelihood alternatives,Involve Indigenous owners in management of local land.
201031094,31187,Humboldtia bourdillonii,1.2,Resource & habitat protection,""
201031094,31187,Humboldtia bourdillonii,2.3,Habitat & natural process restoration,""
201031378,201030934,Humboldtia brunonis,3.4.2,Genome resource bank,""
201031378,201030934,Humboldtia brunonis,4.3,Awareness & communications,""
201031378,201030934,Humboldtia brunonis,2.1,Site/area management,""
201031378,201030934,Humboldtia brunonis,2.3,Habitat & natural process restoration,""
201031378,201030934,Humboldtia brunonis,3.2,Species recovery,""
210018953,210014331,Pandanus palakkadensis,3.2,Species recovery,""
210018953,210014331,Pandanus palakkadensis,3.4.2,Genome resource bank,""
210018953,210014331,Pandanus palakkadensis,4.3,Awareness & communications,""
210018953,210014331,Pandanus palakkadensis,1.2,Resource & habitat protection,""
210023075,30891,Syzygium neesianum,3.2,Species recovery,""
210023075,30891,Syzygium neesianum,3.4.2,Genome resource bank,""
210023075,30891,Syzygium neesianum,1.2,Resource & habitat protection,""
210023075,30891,Syzygium neesianum,2.1,Site/area management,""
210023075,30891,Syzygium neesianum,2.3,Habitat & natural process restoration,""
218880247,22679012,Perdicula manipurensis,3.2,Species recovery,"Depending on the outcome of these surveys, a conservation action plan that prioritises site and population protections will be key.<p>"
223484923,22693225,Tringa guttifer,3.1.1,Harvest management,The harvest of the species must be managed to sustainable levels.
223484923,22693225,Tringa guttifer,1.1,Site/area protection,"Identifying, protecting, and safeguarding key sites from future development is crucial for the long-term stability of the species. Any established protected areas need to coincide with effective management and abundant regional support, and the focus should be on creating a network of key sites."
223484923,22693225,Tringa guttifer,4.3,Awareness & communications,"Enhance communication, education, and public awareness of the values of migratory waterbirds."
223484923,22693225,Tringa guttifer,5.4.4,Scale unspecified,"Compliance and enforcement may be necessary to control hunting of the species, as will no-hunting laws in local communities."
223484923,22693225,Tringa guttifer,6.1,Linked enterprises & livelihood alternatives,"The focus for controlling hunting should be on alternative livelihoods rather than enforcement/compliance measures, as this is more likely to produce mutually beneficial outcomes."
223484923,22693225,Tringa guttifer,2.2,Invasive/problematic species control,Viable methods need to be developed for controlling smooth cordgrass throughout China and the Korean peninsula to restore ecosystem viability and prevent further intertidal habitat loss.
223484923,22693225,Tringa guttifer,2.3,Habitat & natural process restoration,"Research to determine and establish restoration projects in key areas is vital, as is continuing and preserving current restoration projects."
224134662,224071357,Albizia umbrosa,1.1,Site/area protection,""
224134662,224071357,Albizia umbrosa,4.3,Awareness & communications,""
224134662,224071357,Albizia umbrosa,2.1,Site/area management,""
224134702,224109482,Vaccinium piliferum,1.1,Site/area protection,""
224134702,224109482,Vaccinium piliferum,4.3,Awareness & communications,""
224134702,224109482,Vaccinium piliferum,2.1,Site/area management,""
226834730,37314,Myristica magnifica,4.3,Awareness & communications,""
226834730,37314,Myristica magnifica,2.1,Site/area management,""
226834730,37314,Myristica magnifica,3.2,Species recovery,""
226834730,37314,Myristica magnifica,3.4.1,Captive breeding/artificial propagation,""
234075458,22715856,Pellorneum palustre,1.1,Site/area protection,"Extend, upgrade and link existing protected areas, and establish new ones, in order to conserve remaining tracts of natural grassland. 
"
234075458,22715856,Pellorneum palustre,4.3,Awareness & communications,"Promote widespread conservation awareness initiatives focusing on sustainable management of grassland to maximise both thatch productivity for local people and available habitat for threatened grassland birds.


</P>"
234075458,22715856,Pellorneum palustre,2.1,Site/area management,"Control livestock grazing in protected areas and regulate grassland burning (A. Choudhury in litt. 2016) to reduce rates of tall grassland loss and degradation. 


</P>"
234075458,22715856,Pellorneum palustre,2.3,Habitat & natural process restoration,Promote regeneration of suitable grassland habitats wherever possible.
239905382,239905380,Psychotria nudiflora,3.4.1,Captive breeding/artificial propagation,""
239905382,239905380,Psychotria nudiflora,1.2,Resource & habitat protection,""
239905382,239905380,Psychotria nudiflora,2.3,Habitat & natural process restoration,""
239905392,239905390,Psychotria anamallayana,1.1,Site/area protection,""
239905392,239905390,Psychotria anamallayana,1.2,Resource & habitat protection,""
239905442,239905440,Nothopegia travancorica,3.4.1,Captive breeding/artificial propagation,""
239905442,239905440,Nothopegia travancorica,3.4.2,Genome resource bank,""
239905442,239905440,Nothopegia travancorica,1.1,Site/area protection,""
239905602,239905600,Ficus cupulata,3.2,Species recovery,""
239905602,239905600,Ficus cupulata,3.3.1,Reintroduction,""
239905602,239905600,Ficus cupulata,3.4.2,Genome resource bank,""
239905602,239905600,Ficus cupulata,1.1,Site/area protection,""
239905602,239905600,Ficus cupulata,4.3,Awareness & communications,""
239905602,239905600,Ficus cupulata,1.2,Resource & habitat protection,""
239905632,239905630,Ehretia wightiana,3.4.1,Captive breeding/artificial propagation,""
239905632,239905630,Ehretia wightiana,3.4.2,Genome resource bank,""
239905632,239905630,Ehretia wightiana,1.1,Site/area protection,""
239905632,239905630,Ehretia wightiana,1.2,Resource & habitat protection,""
239906078,239906076,Psychotria connata,3.4.1,Captive breeding/artificial propagation,""
239906078,239906076,Psychotria connata,1.2,Resource & habitat protection,""
242530926,242376348,Dipcadi saxorum,3.3.2,Benign introduction,""
242530926,242376348,Dipcadi saxorum,3.4.1,Captive breeding/artificial propagation,""
242530926,242376348,Dipcadi saxorum,1.1,Site/area protection,""
242530926,242376348,Dipcadi saxorum,4.1,Formal education,""
242530926,242376348,Dipcadi saxorum,4.3,Awareness & communications,""
242530926,242376348,Dipcadi saxorum,1.2,Resource & habitat protection,""
242530926,242376348,Dipcadi saxorum,2.1,Site/area management,""
242530926,242376348,Dipcadi saxorum,5.2,Policies and regulations,""
244637841,22680064,Asarcornis scutulata,3.2,Species recovery,"Create conservation blue-prints/plans for species throughout its range, particularly in Myanmar, Cambodia and Indonesia, where the only remaining viable populations persist."
244637841,22680064,Asarcornis scutulata,3.3.1,Reintroduction,"Reintroduce the species in areas where threats are controlled, if deemed viable and feasible. "
244637841,22680064,Asarcornis scutulata,3.4.1,Captive breeding/artificial propagation,Establish captive breeding program/s if deemed necessary and feasible.
244637841,22680064,Asarcornis scutulata,1.1,Site/area protection,Establish areas of suitable habitat in non-protected forests as Protected Areas or OECMs.
244637841,22680064,Asarcornis scutulata,4.3,Awareness & communications,"Engage local communities to strengthen the protection of existing protected areas. Community engagement to discourage accidental and intentional offtake of the species, coupled with awareness-raising campaigns to educate local people how harmful practices can be carried out in less damaging ways."
244637841,22680064,Asarcornis scutulata,5.1.2,National level,Strengthen existing legislation and improve enforcement to prevent hunting and the poaching of eggs.
244637841,22680064,Asarcornis scutulata,5.4.2,National level,Existing Protected Areas should be subject to increased enforcement and compliance measures.
244637841,22680064,Asarcornis scutulata,2.1,Site/area management,Existing habitat should be restored via de-siltation and weeding of forest wetlands. Take action to avoid contamination via oil drilling in these areas.
244637841,22680064,Asarcornis scutulata,2.2,Invasive/problematic species control,Control weeds in existing habitat.
244637841,22680064,Asarcornis scutulata,2.3,Habitat & natural process restoration,Existing habitat should be restored via de-siltation and weeding of forest wetlands. Create new habitat via reforestation efforts and wetland creation.
249695988,103874145,Montecincla jerdoni,1.1,Site/area protection,"The most urgent conservation action needed for this species is the protection of much (if not ideally all) suitable habitat within its range (Praveen J and Nameer 2012); currently, only the Aralam Wildlife Sanctuary is protected, in which recent surveys found it at lower densities than elsewhere (Aparnadevi and Vinayan 2013).</P>"
249695988,103874145,Montecincla jerdoni,1.2,Resource & habitat protection,"The most urgent conservation action needed for this species is the protection of much (if not ideally all) suitable habitat within its range (Praveen J and Nameer 2012); currently, only the Aralam Wildlife Sanctuary is protected, in which recent surveys found it at lower densities than elsewhere (Aparnadevi and Vinayan 2013).</P>"
249819859,103874754,Montecincla meridionalis,1.1,Site/area protection,"Protect areas of suitable habitat.
</P>"
249819859,103874754,Montecincla meridionalis,1.2,Resource & habitat protection,Protect areas of suitable habitat.
250442182,22716795,Paradoxornis flavirostris,1.1,Site/area protection,"Continue to lobby for the protection of suitable grasslands within its range, either as national parks or community reserves, and ensure they are appropriately managed for this and other marshland species.</P>"
250442182,22716795,Paradoxornis flavirostris,4.3,Awareness & communications,"More broadly, promote widespread conservation awareness initiatives focusing on sustainable management of grassland to maximise both thatch productivity for local people and available habitat for threatened grassland bird species.<p>"
250442182,22716795,Paradoxornis flavirostris,2.1,Site/area management,"Continue to lobby for the protection of suitable grasslands within its range, either as national parks or community reserves, and ensure they are appropriately managed for this and other marshland species.</P>"
250442182,22716795,Paradoxornis flavirostris,2.3,Habitat & natural process restoration,"Continue to lobby for the protection of suitable grasslands within its range, either as national parks or community reserves, and ensure they are appropriately managed for this and other marshland species.</P>"
250900824,22716358,Argya longirostris,1.1,Site/area protection,"Extend, upgrade and link where possible existing protected areas, and establish new ones, in order to adequately conserve remaining tracts of grassland."
250900824,22716358,Argya longirostris,4.3,Awareness & communications,Promote widespread conservation awareness initiatives focusing on grassland regeneration and sustainable management of grassland to maximise both thatch productivity for local people and available habitat for threatened grassland birds.
250900824,22716358,Argya longirostris,2.2,Invasive/problematic species control,"Control livestock grazing in protected areas to reduce rates of tall grassland loss and degradation. Control invasive plant species.
"
250900824,22716358,Argya longirostris,2.1,Site/area management,Implement flood control measures in and around national parks.
253660338,22734628,Liocichla bugunorum,1.1,Site/area protection,Ensure that habitats within the Kameng protected area remain safe by opposing further road developments.
254375039,22693749,Pluvialis squatarola,1.2,Resource & habitat protection,"In the East Asian-Australasian Flyway, the main action needed for this is the amelioration of threats on its migration. China needs to implement its plan to eliminate 90+% of Spartina cordgrass to prevent further loss of feeding habitat (much has already been lost to land reclamation; IUCN 2023). The discharge of toxic pollutants into coastal wetlands (especially where there are large shorebird congregations) needs to be controlled. Further degradation of mudflats needs to be stopped, including monitoring and preventing detrimental release of riverine sediments and responsible planning of offshore windfarms.</p>"
254375039,22693749,Pluvialis squatarola,2.2,Invasive/problematic species control,China needs to implement its plan to eliminate 90+% of Spartina cordgrass to prevent further loss of feeding habitat (much has already been lost to land reclamation; IUCN 2023).</p>
254375039,22693749,Pluvialis squatarola,5.2,Policies and regulations,"Further degradation of mudflats needs to be stopped, including monitoring and preventing detrimental release of riverine sediments and responsible planning of offshore windfarms. Tools are available, such as AviStep (https://avistep.birdlife.org/) to ensure sustainable building of renewable energy infrastructure. "
254375039,22693749,Pluvialis squatarola,2.1,Site/area management,"In the East Asian-Australasian Flyway, the main action needed for this is the amelioration of threats on its migration. China needs to implement its plan to eliminate 90+% of Spartina cordgrass to prevent further loss of feeding habitat (much has already been lost to land reclamation; IUCN 2023). The discharge of toxic pollutants into coastal wetlands (especially where there are large shorebird congregations) needs to be controlled. Further degradation of mudflats needs to be stopped, including monitoring and preventing detrimental release of riverine sediments and responsible planning of offshore windfarms.</p>"
254475508,254475077,Ochradenus lakhpatensis,4.3,Awareness & communications,Increase regional and local awareness about the uniqueness of this species as well as to promote the value of its habitat which is usually regarded of least interest due to its semiarid condition with low sparse vegetation. 
254475508,254475077,Ochradenus lakhpatensis,1.2,Resource & habitat protection,To avoid habitat alteration activities including plantation of other species for greening the area which is a unique habitat. Avoid the construction of water harvesting structures.  
254475508,254475077,Ochradenus lakhpatensis,2.2,Invasive/problematic species control,The most problematic invasive alien species in the area is Prosopis juliflora. It is needed to undertake preventive measures to control the invasion of such species.  
254475508,254475077,Ochradenus lakhpatensis,1.1,Site/area protection,Create microreserves to protect all the known subpopulations.
256354281,22693447,Calidris subruficollis,3.2,Species recovery,Implement priority actions identified in the Buff-breasted Sandpiper Conservation plan and the 2015 symposium.
256354281,22693447,Calidris subruficollis,1.1,Site/area protection,"Conserve key breeding, staging and wintering sites.
</P>"
256354281,22693447,Calidris subruficollis,2.1,Site/area management,Implement conservation at key wintering locations to ensure suitable habitat conditions are available and enhanced.
256426742,2888,Bos javanicus,3.1.1,Harvest management,Consideration of harvesting individuals for <i>ex situ</i> captive breeding
256426742,2888,Bos javanicus,3.1.2,Trade management,No current legal trade in wild Banteng
256426742,2888,Bos javanicus,3.2,Species recovery,"Consideration and planning <i>in situ</i> management of genetic stock.
<i>Ex situ</i> management (captive-breeding) of genetic stock
Review of facilities and expertise enabling the development of breeding and reintroduction programmes
"
256426742,2888,Bos javanicus,4.3,Awareness & communications,Local level education programmes and community-outreach programmes to protect Banteng or form collaborations with existing NGOs conducting species educational programmes 
256426742,2888,Bos javanicus,5.1.2,National level,Inclusion into CITES to prevent international trade
256426742,2888,Bos javanicus,5.1.3,Sub-national level,"Upgrade Banteng status to totally protected, removing all hunting licenses for extant populations"
256426742,2888,Bos javanicus,5.4.2,National level,Review of current legislation and enforcement of penalties specific to Banteng including on snares
256426742,2888,Bos javanicus,5.4.3,Sub-national level,Review of current legislation and enforcement of penalties specific to Banteng including on snares
256426742,2888,Bos javanicus,2.1,Site/area management,"Forest and grassland management specific to the longevity of Banteng
Patrols and enforcement within Banteng habitat
Artificial mineral licks to supplement populations in Sabah and Thailand"
257323525,22693464,Calidris falcinellus,1.1,Site/area protection,"In Europe (particularly Finland), there is an urgent need to safeguard peatland breeding grounds from forestry."
257323525,22693464,Calidris falcinellus,1.2,Resource & habitat protection,"In Europe (particularly Finland), there is an urgent need to safeguard peatland breeding grounds from forestry."
257323525,22693464,Calidris falcinellus,2.1,Site/area management,"China needs to implement its plan to eliminate 90+% of Spartina cordgrass to prevent further loss of feeding habitat (much has already been lost to land reclamation; IUCN 2023). The discharge of toxic pollutants into coastal wetlands (especially where there are large shorebird congregations) needs to be controlled. Further degradation of mudflats needs to be stopped, including monitoring and preventing detrimental release of riverine sediments and responsible planning of offshore windfarms. "
258108195,22685513,Belocercus longicaudus,4.3,Awareness & communications,Carry out environmental education programmes among the local population.
258108195,22685513,Belocercus longicaudus,1.2,Resource & habitat protection,"Effectively protect significant areas of suitable habitat at key sites, in both strictly protected areas and multiple use areas.
</P>"
258108195,22685513,Belocercus longicaudus,5.4.1,International level,"Improve the enforcement of laws restricting the trade of the species. Improve the monitoring of the species being traded internationally, particularly via local boats."
258108195,22685513,Belocercus longicaudus,5.4.2,National level,Improve the enforcement of national laws that restrict the trade of the species.
258108195,22685513,Belocercus longicaudus,3.1.2,Trade management,Find more effective ways to monitor and restrict the illegal trade of the species.
258108195,22685513,Belocercus longicaudus,1.1,Site/area protection,Formally protect key feeding and breeding sites.
259343689,70205537,Arctonyx collaris,5.1.1,International level,""
259343689,70205537,Arctonyx collaris,5.1.2,National level,""
259343689,70205537,Arctonyx collaris,5.1.3,Sub-national level,""
259343689,70205537,Arctonyx collaris,5.2,Policies and regulations,""
259343689,70205537,Arctonyx collaris,5.4.1,International level,""
259343689,70205537,Arctonyx collaris,5.4.2,National level,""
259343689,70205537,Arctonyx collaris,5.4.3,Sub-national level,""
259343689,70205537,Arctonyx collaris,2.1,Site/area management,""
259357017,22037,Trachypithecus geei,3.1.1,Harvest management,
259357017,22037,Trachypithecus geei,1.1,Site/area protection,
259357017,22037,Trachypithecus geei,4.1,Formal education,
259357017,22037,Trachypithecus geei,4.3,Awareness & communications,
259357017,22037,Trachypithecus geei,2.1,Site/area management,
259357017,22037,Trachypithecus geei,2.3,Habitat & natural process restoration,
259357527,22041,Trachypithecus pileatus,3.1.1,Harvest management,
259357527,22041,Trachypithecus pileatus,1.1,Site/area protection,
259357527,22041,Trachypithecus pileatus,4.3,Awareness & communications,
259357527,22041,Trachypithecus pileatus,1.2,Resource & habitat protection,
259357527,22041,Trachypithecus pileatus,5.4.2,National level,
259357527,22041,Trachypithecus pileatus,2.1,Site/area management,
261429932,30864,Diospyros crumenata,2.3,Habitat & natural process restoration,""
266696959,15951,Panthera leo,3.1.2,Trade management,""
266696959,15951,Panthera leo,3.1.1,Harvest management,""
266696959,15951,Panthera leo,3.1.3,Limiting population growth,""
266696959,15951,Panthera leo,2.3,Habitat & natural process restoration,""
266696959,15951,Panthera leo,3.2,Species recovery,""
266696959,15951,Panthera leo,3.3.1,Reintroduction,""
266696959,15951,Panthera leo,3.4.1,Captive breeding/artificial propagation,""
266696959,15951,Panthera leo,1.1,Site/area protection,""
266696959,15951,Panthera leo,5.4.1,International level,""
266696959,15951,Panthera leo,5.4.2,National level,""
266696959,15951,Panthera leo,4.2,Training,""
266696959,15951,Panthera leo,4.3,Awareness & communications,""
266696959,15951,Panthera leo,5.1.2,National level,""
266696959,15951,Panthera leo,5.4.3,Sub-national level,""
266696959,15951,Panthera leo,2.1,Site/area management,""
266696959,15951,Panthera leo,5.1.3,Sub-national level,""
266696959,15951,Panthera leo,1.2,Resource & habitat protection,""
266877470,242376417,Dipcadi ursulae,1.1,Site/area protection,""
266877470,242376417,Dipcadi ursulae,4.3,Awareness & communications,""
266877470,242376417,Dipcadi ursulae,1.2,Resource & habitat protection,""
266877470,242376417,Dipcadi ursulae,5.2,Policies and regulations,""
266877470,242376417,Dipcadi ursulae,2.1,Site/area management,""
266877470,242376417,Dipcadi ursulae,3.4.1,Captive breeding/artificial propagation,""
266877470,242376417,Dipcadi ursulae,6.4,Conservation payments,""
