assessmentId,internalTaxonId,scientificName,kingdomName,phylumName,orderName,className,familyName,genusName,speciesName,infraType,infraName,infraAuthority,authority,redlistCategory,redlistCriteria,criteriaVersion,populationTrend,scopes
1419729,175221,Syzygium rama-varmae,PLANTAE,TRACHEOPHYTA,MYRTALES,MAGNOLIOPSIDA,MYRTACEAE,Syzygium,rama-varmae,,,,(Bourd.) Chithra,Endangered,"B1ab(iii,v)+2ab(iii,v); C2a(i)",3.1,Decreasing,Global
1810810,186162,Raorchestes jayarami,ANIMALIA,CHORDATA,ANURA,AMPHIBIA,RHACOPHORIDAE,Raorchestes,jayarami,,,,"(Biju &amp; Bossuyt, 2009)",Endangered,"B1ab(iii,v)",3.1,Decreasing,Global
48886614,48886608,Minervarya sengupti,ANIMALIA,CHORDATA,ANURA,AMPHIBIA,DICROGLOSSIDAE,Minervarya,sengupti,,,,"(Purkayastha &amp; Matsui, 2012)",Endangered,B1ab(iii),3.1,Decreasing,Global
48899453,48874314,Nyctibatrachus deveni,ANIMALIA,CHORDATA,ANURA,AMPHIBIA,NYCTIBATRACHIDAE,Nyctibatrachus,deveni,,,,"Biju, Van Bocxlaer, Mahony, Dinesh, Radhakrishnan, Zachariah, Giri &amp; Bossuyt, 2011",Endangered,B1ab(iii),3.1,Decreasing,Global
54035787,48874474,Nyctibatrachus acanthodermis,ANIMALIA,CHORDATA,ANURA,AMPHIBIA,NYCTIBATRACHIDAE,Nyctibatrachus,acanthodermis,,,,"Biju, Van Bocxlaer, Mahony, Dinesh, Radhakrishnan, Zachariah, Giri &amp; Bossuyt, 2011",Endangered,B1ab(iii),3.1,Decreasing,Global
54149121,48874286,Nyctibatrachus gavi,ANIMALIA,CHORDATA,ANURA,AMPHIBIA,NYCTIBATRACHIDAE,Nyctibatrachus,gavi,,,,"Biju, Van Bocxlaer, Mahony, Dinesh, Radhakrishnan, Zachariah, Giri &amp; Bossuyt, 2011",Vulnerable,B1ab(iii),3.1,Decreasing,Global
54149239,48874266,Nyctibatrachus grandis,ANIMALIA,CHORDATA,ANURA,AMPHIBIA,NYCTIBATRACHIDAE,Nyctibatrachus,grandis,,,,"Biju, Van Bocxlaer, Mahony, Dinesh, Radhakrishnan, Zachariah, Giri &amp; Bossuyt, 2011",Endangered,B1ab(iii),3.1,Decreasing,Global
54149411,48874250,Nyctibatrachus indraneili,ANIMALIA,CHORDATA,ANURA,AMPHIBIA,NYCTIBATRACHIDAE,Nyctibatrachus,indraneili,,,,"Biju, Van Bocxlaer, Mahony, Dinesh, Radhakrishnan, Zachariah, Giri &amp; Bossuyt, 2011",Critically Endangered,B1ab(iii),3.1,Decreasing,Global
54149566,48874225,Nyctibatrachus jog,ANIMALIA,CHORDATA,ANURA,AMPHIBIA,NYCTIBATRACHIDAE,Nyctibatrachus,jog,,,,"Biju, Van Bocxlaer, Mahony, Dinesh, Radhakrishnan, Zachariah, Giri &amp; Bossuyt, 2011",Vulnerable,B1ab(iii),3.1,Decreasing,Global
54149735,48874189,Nyctibatrachus pillaii,ANIMALIA,CHORDATA,ANURA,AMPHIBIA,NYCTIBATRACHIDAE,Nyctibatrachus,pillaii,,,,"Biju, Van Bocxlaer, Mahony, Dinesh, Radhakrishnan, Zachariah, Giri &amp; Bossuyt, 2011",Endangered,B1ab(iii),3.1,Decreasing,Global
54149741,48874217,Nyctibatrachus periyar,ANIMALIA,CHORDATA,ANURA,AMPHIBIA,NYCTIBATRACHIDAE,Nyctibatrachus,periyar,,,,"Biju, Van Bocxlaer, Mahony, Dinesh, Radhakrishnan, Zachariah, Giri &amp; Bossuyt, 2011",Endangered,B1ab(iii),3.1,Decreasing,Global
54459738,48873111,Nyctibatrachus vrijeuni,ANIMALIA,CHORDATA,ANURA,AMPHIBIA,NYCTIBATRACHIDAE,Nyctibatrachus,vrijeuni,,,,"Biju, Van Bocxlaer, Mahony, Dinesh, Radhakrishnan, Zachariah, Giri &amp; Bossuyt, 2011",Vulnerable,B1ab(iii),3.1,Decreasing,Global
56110474,48872923,Megophrys megacephala,ANIMALIA,CHORDATA,ANURA,AMPHIBIA,MEGOPHRYIDAE,Megophrys,megacephala,,,,"Mahony, Sengupta, Kamei &amp; Biju, 2011",Endangered,"B1ab(iii,v)",3.1,Decreasing,Global
61780186,61780183,Lagerstroemia hypoleuca,PLANTAE,TRACHEOPHYTA,MYRTALES,MAGNOLIOPSIDA,LYTHRACEAE,Lagerstroemia,hypoleuca,,,,Kurz ,Endangered,B1ab(iii)+2ab(iii),3.1,Unknown,Global
61985350,61985348,Podophyllum hexandrum,PLANTAE,TRACHEOPHYTA,RANUNCULALES,MAGNOLIOPSIDA,BERBERIDACEAE,Podophyllum,hexandrum,,,,Royle,Endangered,A2bd+3cd+4cd,3.1,Decreasing,Global
61987625,61987623,Canarium euphyllum,PLANTAE,TRACHEOPHYTA,SAPINDALES,MAGNOLIOPSIDA,BURSERACEAE,Canarium,euphyllum,,,,Kurz,Vulnerable,B2ab(iii),3.1,Unknown,Global
61987933,61987931,Mesua ferrea,PLANTAE,TRACHEOPHYTA,MALPIGHIALES,MAGNOLIOPSIDA,CALOPHYLLACEAE,Mesua,ferrea,,,,L.,Vulnerable,A2cd,3.1,Decreasing,Global
62020480,177756483,Phoebe bootanica,PLANTAE,TRACHEOPHYTA,LAURALES,MAGNOLIOPSIDA,LAURACEAE,Phoebe,bootanica,,,,(Meisn.) M.Gangop.,Endangered,B2ab(iii),3.1,Unknown,Global
62038698,62038695,Citrus indica,PLANTAE,TRACHEOPHYTA,SAPINDALES,MAGNOLIOPSIDA,RUTACEAE,Citrus,indica,,,,Yu.Tanaka,Vulnerable,D1,3.1,Decreasing,Global
63853189,208598052,Amolops monticola,ANIMALIA,CHORDATA,ANURA,AMPHIBIA,RANIDAE,Amolops,monticola,,,,"(Anderson, 1871)",Endangered,"B1ab(iii,v)",3.1,Decreasing,Global
73787000,73786986,Raorchestes aureus,ANIMALIA,CHORDATA,ANURA,AMPHIBIA,RHACOPHORIDAE,Raorchestes,aureus,,,,"Vijayakumar, Dinesh, Prabhu &amp; Shanker, 2014 ",Critically Endangered,B1ab(iii),3.1,Decreasing,Global
73787322,73787038,Raorchestes blandus,ANIMALIA,CHORDATA,ANURA,AMPHIBIA,RHACOPHORIDAE,Raorchestes,blandus,,,,"Vijayakumar, Dinesh, Prabhu &amp; Shanker, 2014 ",Endangered,B1ab(iii),3.1,Decreasing,Global
73787384,73787369,Raorchestes echinatus,ANIMALIA,CHORDATA,ANURA,AMPHIBIA,RHACOPHORIDAE,Raorchestes,echinatus,,,,"Vijayakumar, Dinesh, Prabhu &amp; Shanker, 2014 ",Vulnerable,D2,3.1,Unknown,Global
73788625,73788607,Hylarana flavescens,ANIMALIA,CHORDATA,ANURA,AMPHIBIA,RANIDAE,Hylarana,flavescens,,,,(Jerdon 1853),Vulnerable,B1ab(iii),3.1,Decreasing,Global
73788770,73788764,Hylarana urbis,ANIMALIA,CHORDATA,ANURA,AMPHIBIA,RANIDAE,Hylarana,urbis,,,,"Biju, Garg, Mahony, Wijayathilaka, Senevirathne &amp; Meggaskumbara, 2014",Vulnerable,B1ab(iii),3.1,Decreasing,Global
73788787,73788782,Hylarana caesari,ANIMALIA,CHORDATA,ANURA,AMPHIBIA,RANIDAE,Hylarana,caesari,,,,"Biju, Mahony, Wijayathilaka, Seneviranthne &amp; Meegaskumbura, 2014",Vulnerable,B1ab(iii),3.1,Decreasing,Global
73788842,73788833,Hylarana magna,ANIMALIA,CHORDATA,ANURA,AMPHIBIA,RANIDAE,Hylarana,magna,,,,"Biju, Garg, Mahony, Wijayathilaka, Seneviranthne &amp; Meegaskumbura, 2014",Vulnerable,B1ab(iii),3.1,Decreasing,Global
73959496,73959431,Micrixalus kurichiyari,ANIMALIA,CHORDATA,ANURA,AMPHIBIA,MICRIXALIDAE,Micrixalus,kurichiyari,,,,"Biju, Garg, Gururaja, Shouche &amp; Walukar, 2014 ",Endangered,B1ab(iii),3.1,Decreasing,Global
73960024,73960020,Micrixalus niluvasei,ANIMALIA,CHORDATA,ANURA,AMPHIBIA,MICRIXALIDAE,Micrixalus,niluvasei,,,,"Biju, Garg, Gururaja, Shouche &amp; Walukar, 2014",Endangered,B1ab(iii),3.1,Decreasing,Global
73960044,73960040,Micrixalus sairandhri,ANIMALIA,CHORDATA,ANURA,AMPHIBIA,MICRIXALIDAE,Micrixalus,sairandhri,,,,"Biju, Garg, Gururaja, Shouche &amp; Walukar, 2014",Endangered,B1ab(iii),3.1,Decreasing,Global
73962058,73961281,Micrixalus spelunca,ANIMALIA,CHORDATA,ANURA,AMPHIBIA,MICRIXALIDAE,Micrixalus,spelunca,,,,"Biju, Garg, Gururaja, Shouche &amp; Walukar, 2014",Critically Endangered,B1ab(iii),3.1,Decreasing,Global
73963701,73963691,Micrixalus uttaraghati,ANIMALIA,CHORDATA,ANURA,AMPHIBIA,MICRIXALIDAE,Micrixalus,uttaraghati,,,,"Biju, Garg, Gururaja, Shouche &amp; Walukar, 2014",Endangered,B1ab(iii),3.1,Decreasing,Global
73964543,73964539,Micrixalus adonis,ANIMALIA,CHORDATA,ANURA,AMPHIBIA,MICRIXALIDAE,Micrixalus,adonis,,,,"Biju, Garg, Gururaja, Shouche &amp; Walukar, 2014 ",Endangered,B1ab(iii),3.1,Decreasing,Global
73965406,73965400,Micrixalus mallani,ANIMALIA,CHORDATA,ANURA,AMPHIBIA,MICRIXALIDAE,Micrixalus,mallani,,,,"Biju, Garg, Gururaja, Shouche &amp; Walukar, 2014",Endangered,B1ab(iii),3.1,Decreasing,Global
73965523,73965533,Micrixalus nudis,ANIMALIA,CHORDATA,ANURA,AMPHIBIA,MICRIXALIDAE,Micrixalus,nudis,,,,"Pillai, 1978",Endangered,B1ab(iii),3.1,Decreasing,Global
73967869,73967847,Micrixalus sali,ANIMALIA,CHORDATA,ANURA,AMPHIBIA,MICRIXALIDAE,Micrixalus,sali,,,,"Biju, Garg, Gururaja, Shouche &amp; Walujkar, 2014",Endangered,B1ab(iii),3.1,Decreasing,Global
73967908,73967876,Micrixalus frigidus,ANIMALIA,CHORDATA,ANURA,AMPHIBIA,MICRIXALIDAE,Micrixalus,frigidus,,,,"Biju, Garg, Gururaja, Shouche &amp; Walujkar, 2014",Endangered,B1ab(iii),3.1,Decreasing,Global
73967921,73967915,Micrixalus nigraventris,ANIMALIA,CHORDATA,ANURA,AMPHIBIA,MICRIXALIDAE,Micrixalus,nigraventris,,,,"Biju, Garg, Gururaja, Shouche &amp; Walujkar, 2014",Endangered,B1ab(iii),3.1,Decreasing,Global
73971896,73971314,Micrixalus specca,ANIMALIA,CHORDATA,ANURA,AMPHIBIA,MICRIXALIDAE,Micrixalus,specca,,,,"Biju, Garg, Gururaja, Shouche &amp; Walujkar, 2014",Critically Endangered,B1ab(iii),3.1,Decreasing,Global
73971902,73972049,Micrixalus fuscus,ANIMALIA,CHORDATA,ANURA,AMPHIBIA,MICRIXALIDAE,Micrixalus,fuscus,,,,"(Boulenger, 1882)",Endangered,B1ab(iii),3.1,Decreasing,Global
73972656,73972645,Micrixalus herrei,ANIMALIA,CHORDATA,ANURA,AMPHIBIA,MICRIXALIDAE,Micrixalus,herrei,,,,"Myers, 1942",Endangered,B1ab(iii),3.1,Decreasing,Global
86896338,191004,Minervarya chilapata,ANIMALIA,CHORDATA,ANURA,AMPHIBIA,DICROGLOSSIDAE,Minervarya,chilapata,,,,"Ohler, Deuti, Grosjean, Paul, Ayyaswamy, Ahmed &amp; Dutta, 2009",Vulnerable,B1ab(iii),3.1,Decreasing,Global
86897335,189814,Raorchestes resplendens,ANIMALIA,CHORDATA,ANURA,AMPHIBIA,RHACOPHORIDAE,Raorchestes,resplendens,,,,"Biju, Shouche, Dubois, Dutta, &amp; Bossuyt, 2010",Endangered,B1ab(iii),3.1,Decreasing,Global
87721492,87739329,Raorchestes flaviventris,ANIMALIA,CHORDATA,ANURA,AMPHIBIA,RHACOPHORIDAE,Raorchestes,flaviventris,,,,"(Boulenger, 1882)",Vulnerable,B1ab(iii),3.1,Decreasing,Global
87739274,87739247,Ghatixalus magnus,ANIMALIA,CHORDATA,ANURA,AMPHIBIA,RHACOPHORIDAE,Ghatixalus,magnus,,,,"Abraham, Jobin, Cyriac, Zachariah, Raju &amp; Zachariah, 2015",Vulnerable,B1ab(iii),3.1,Decreasing,Global
112691249,112690948,Nyctibatrachus athirappillyensis,ANIMALIA,CHORDATA,ANURA,AMPHIBIA,NYCTIBATRACHIDAE,Nyctibatrachus,athirappillyensis,,,,"Garg, Suyesh, Sukesan &amp; Biju, 2017",Endangered,B1ab(iii),3.1,Decreasing,Global
112691361,112691330,Nyctibatrachus pulivijayani,ANIMALIA,CHORDATA,ANURA,AMPHIBIA,NYCTIBATRACHIDAE,Nyctibatrachus,pulivijayani,,,,"Garg, Suyesh, Sukesan &amp; Biju, 2017",Endangered,B1ab(iii),3.1,Decreasing,Global
112691514,112691501,Nyctibatrachus sabarimalai,ANIMALIA,CHORDATA,ANURA,AMPHIBIA,NYCTIBATRACHIDAE,Nyctibatrachus,sabarimalai,,,,"Garg, Suyesh, Sukesan &amp; Biju, 2017",Endangered,B1ab(iii),3.1,Decreasing,Global
112691564,112691545,Nyctibatrachus webilla,ANIMALIA,CHORDATA,ANURA,AMPHIBIA,NYCTIBATRACHIDAE,Nyctibatrachus,webilla,,,,"Garg, Suyesh, Sukesan &amp; Biju, 2017",Endangered,B1ab(iii),3.1,Decreasing,Global
115932401,253632034,Syzygium stocksii,PLANTAE,TRACHEOPHYTA,MYRTALES,MAGNOLIOPSIDA,MYRTACEAE,Syzygium,stocksii,,,,(Duthie) Gamble,Vulnerable,A2c,3.1,Increasing,Global
115932548,31219,Myristica malabarica,PLANTAE,TRACHEOPHYTA,MAGNOLIALES,MAGNOLIOPSIDA,MYRISTICACEAE,Myristica,malabarica,,,,Lam.,Vulnerable,A2c,3.1,Decreasing,Global
115932944,36652,Aglaia malabarica,PLANTAE,TRACHEOPHYTA,SAPINDALES,MAGNOLIOPSIDA,MELIACEAE,Aglaia,malabarica,,,,Sasidh.,Endangered,"B1ab(ii,iii)+2ab(ii,iii)",3.1,Decreasing,Global
117645817,33642,Elaeocarpus recurvatus,PLANTAE,TRACHEOPHYTA,OXALIDALES,MAGNOLIOPSIDA,ELAEOCARPACEAE,Elaeocarpus,recurvatus,,,,Corner,Endangered,A2c,3.1,Decreasing,Global
117894247,117894243,Canarium strictum,PLANTAE,TRACHEOPHYTA,SAPINDALES,MAGNOLIOPSIDA,BURSERACEAE,Canarium,strictum,,,,Roxb.,Endangered,A2cd,3.1,Decreasing,Global
119040796,31199,Syzygium occidentale,PLANTAE,TRACHEOPHYTA,MYRTALES,MAGNOLIOPSIDA,MYRTACEAE,Syzygium,occidentale,,,,(Bourd.) Gandhi,Endangered,"A2c+4c; B2ab(i,ii,iii,iv,v)",3.1,Decreasing,Global
119040966,38821,Syzygium parameswaranii,PLANTAE,TRACHEOPHYTA,MYRTALES,MAGNOLIOPSIDA,MYRTACEAE,Syzygium,parameswaranii,,,,M.Mohanan &amp; A.N.Henry,Endangered,"B1ab(iii,v)+2ab(iii,v); C2a(i)",3.1,Decreasing,Global
119044958,31170,Vateria macrocarpa,PLANTAE,TRACHEOPHYTA,MALVALES,MAGNOLIOPSIDA,DIPTEROCARPACEAE,Vateria,macrocarpa,,,,B.L.Gupta,Critically Endangered,"B1ab(iii,v)",3.1,Decreasing,Global
119048739,119048736,Viburnum hebanthum,PLANTAE,TRACHEOPHYTA,DIPSACALES,MAGNOLIOPSIDA,VIBURNACEAE,Viburnum,hebanthum,,,,Wight &amp; Arn.,Endangered,B1ab(iii)+2ab(iii),3.1,Unknown,Global
119243088,119243084,Indirana paramakri,ANIMALIA,CHORDATA,ANURA,AMPHIBIA,RANIXALIDAE,Indirana,paramakri,,,,"Garg &amp; Biju, 2016",Endangered,B1ab(iii),3.1,Decreasing,Global
119243164,119243159,Indirana tysoni,ANIMALIA,CHORDATA,ANURA,AMPHIBIA,RANIXALIDAE,Indirana,tysoni,,,,"Dahanukar, Modak, Krutha, Nameer, Padhye &amp; Molur, 2016",Vulnerable,B1ab(iii),3.1,Decreasing,Global
119243178,119243173,Indirana yadera,ANIMALIA,CHORDATA,ANURA,AMPHIBIA,RANIXALIDAE,Indirana,yadera,,,,"Dahanukar, Modak, Krutha, Nameer, Padhye &amp; Molur, 2016",Vulnerable,B1ab(iii),3.1,Decreasing,Global
129336875,129335824,Palaquium polyanthum,PLANTAE,TRACHEOPHYTA,ERICALES,MAGNOLIOPSIDA,SAPOTACEAE,Palaquium,polyanthum,,,,(Wall. ex G.Don) Baill.,Endangered,B1ab(iii)+2ab(iii),3.1,Unknown,Global
138500009,31220,Actinodaphne bourneae,PLANTAE,TRACHEOPHYTA,LAURALES,MAGNOLIOPSIDA,LAURACEAE,Actinodaphne,bourneae,,,,Gamble,Vulnerable,B1ab(iii)+2ab(iii),3.1,Unknown,Global
138502123,33497,Litsea leiantha,PLANTAE,TRACHEOPHYTA,LAURALES,MAGNOLIOPSIDA,LAURACEAE,Litsea,leiantha,,,,(Kurz) Hook.f.,Endangered,B2ab(iii),3.1,Unknown,Global
138508872,62565,Actinodaphne campanulata,PLANTAE,TRACHEOPHYTA,LAURALES,MAGNOLIOPSIDA,LAURACEAE,Actinodaphne,campanulata,,,,Hook.f.,Vulnerable,B1ab(iii)+2ab(iii),3.1,Unknown,Global
145297168,144052276,Beilschmiedia aborensis,PLANTAE,TRACHEOPHYTA,LAURALES,MAGNOLIOPSIDA,LAURACEAE,Beilschmiedia,aborensis,,,,Kosterm.,Critically Endangered,B2ab(iii),3.1,Unknown,Global
145297198,144053300,Beilschmiedia andamanensis,PLANTAE,TRACHEOPHYTA,LAURALES,MAGNOLIOPSIDA,LAURACEAE,Beilschmiedia,andamanensis,,,,M.Gangop.,Vulnerable,D2,3.1,Unknown,Global
145297273,144056383,Beilschmiedia brandisii,PLANTAE,TRACHEOPHYTA,LAURALES,MAGNOLIOPSIDA,LAURACEAE,Beilschmiedia,brandisii,,,,Hook.f.,Critically Endangered,B2ab(iii),3.1,Unknown,Global
145297963,145290519,Beilschmiedia sikkimensis,PLANTAE,TRACHEOPHYTA,LAURALES,MAGNOLIOPSIDA,LAURACEAE,Beilschmiedia,sikkimensis,,,,King ex Hook.f.,Endangered,B2ab(iii),3.1,Unknown,Global
145415813,145301615,Cinnamomum bhaskarii,PLANTAE,TRACHEOPHYTA,LAURALES,MAGNOLIOPSIDA,LAURACEAE,Cinnamomum,bhaskarii,,,,M.Gangop.,Critically Endangered,B2ab(iii),3.1,Unknown,Global
145415823,145301728,Cinnamomum bishnupadae,PLANTAE,TRACHEOPHYTA,LAURALES,MAGNOLIOPSIDA,LAURACEAE,Cinnamomum,bishnupadae,,,,M.Gangop.,Endangered,B2ab(iii),3.1,Unknown,Global
145415833,145301965,Cinnamomum blandfordii,PLANTAE,TRACHEOPHYTA,LAURALES,MAGNOLIOPSIDA,LAURACEAE,Cinnamomum,blandfordii,,,,M.Gangop.,Endangered,B2ab(iii),3.1,Unknown,Global
145416111,145310645,Cinnamomum kingdon-wardii,PLANTAE,TRACHEOPHYTA,LAURALES,MAGNOLIOPSIDA,LAURACEAE,Cinnamomum,kingdon-wardii,,,,Kosterm.,Critically Endangered,B2ab(iii),3.1,Unknown,Global
145416166,145311979,Cinnamomum lohitensis,PLANTAE,TRACHEOPHYTA,LAURALES,MAGNOLIOPSIDA,LAURACEAE,Cinnamomum,lohitensis,,,,M.Gangop.,Critically Endangered,B2ab(iii),3.1,Unknown,Global
145416471,145344026,Cinnamomum sanjappae,PLANTAE,TRACHEOPHYTA,LAURALES,MAGNOLIOPSIDA,LAURACEAE,Cinnamomum,sanjappae,,,,M.Gangop.,Vulnerable,D2,3.1,Unknown,Global
145416576,145404323,Cinnamomum suvrae,PLANTAE,TRACHEOPHYTA,LAURALES,MAGNOLIOPSIDA,LAURACEAE,Cinnamomum,suvrae,,,,M.Gangop.,Endangered,B2ab(iii),3.1,Unknown,Global
147294060,37611,Euphorbia vajravelui,PLANTAE,TRACHEOPHYTA,MALPIGHIALES,MAGNOLIOPSIDA,EUPHORBIACEAE,Euphorbia,vajravelui,,,,Binojk. &amp; N.P.Balakr.,Endangered,B1ab(iii)+2ab(iii); D,3.1,Decreasing,Global
149680186,149680126,Mysticellus franki,ANIMALIA,CHORDATA,ANURA,AMPHIBIA,MICROHYLIDAE,Mysticellus,franki,,,,"Garg &amp; Biju, 2019",Critically Endangered,B1ab(iii),3.1,Decreasing,Global
149682627,149682598,Leptobrachella lateralis,ANIMALIA,CHORDATA,ANURA,AMPHIBIA,MEGOPHRYIDAE,Leptobrachella,lateralis,,,,"(Anderson, 1871)",Critically Endangered,B1ab(iii),3.1,Decreasing,Global
149812631,31200,Syzygium palghatense,PLANTAE,TRACHEOPHYTA,MYRTALES,MAGNOLIOPSIDA,MYRTACEAE,Syzygium,palghatense,,,,Gamble,Critically Endangered,B1ab(iii)+2ab(iii); D,3.1,Unknown,Global
149813923,32866,Syzygium bourdillonii,PLANTAE,TRACHEOPHYTA,MYRTALES,MAGNOLIOPSIDA,MYRTACEAE,Syzygium,bourdillonii,,,,(Gamble) Rathakr. &amp; Nair,Endangered,"A2c; B2ab(i,ii,iii,iv,v); C2a(i)",3.1,Decreasing,Global
150087543,150087536,Megophrys flavipunctata,ANIMALIA,CHORDATA,ANURA,AMPHIBIA,MEGOPHRYIDAE,Megophrys,flavipunctata,,,,"Mahony, Kamei, Teeling &amp; Biju, 2018",Endangered,"B1ab(iii,v)",3.1,Decreasing,Global
150087783,150087712,Megophrys himalayana,ANIMALIA,CHORDATA,ANURA,AMPHIBIA,MEGOPHRYIDAE,Megophrys,himalayana,,,,"Mahony, Kamei, Teeling &amp; Biju, 2018",Endangered,"B1ab(iii,v)",3.1,Decreasing,Global
150087885,150087877,Megophrys oreocrypta,ANIMALIA,CHORDATA,ANURA,AMPHIBIA,MEGOPHRYIDAE,Megophrys,oreocrypta,,,,"Mahony, Kamei, Teeling &amp; Biju, 2018",Critically Endangered,B1ab(iii),3.1,Decreasing,Global
150087902,150087897,Megophrys periosa,ANIMALIA,CHORDATA,ANURA,AMPHIBIA,MEGOPHRYIDAE,Megophrys,periosa,,,,"Mahony, Kamei, Teeling &amp; Biju, 2018",Endangered,B1ab(iii),3.1,Decreasing,Global
150088664,150088659,Microhyla laterite,ANIMALIA,CHORDATA,ANURA,AMPHIBIA,MICROHYLIDAE,Microhyla,laterite,,,,"Seshadri, Singal, Priti, Ravikanth, Vidisha, Saurabh, Pratik &amp; Gururaja, 2016",Endangered,B1ab(iii),3.1,Decreasing,Global
150219899,150213910,Alseodaphne owdenii,PLANTAE,TRACHEOPHYTA,LAURALES,MAGNOLIOPSIDA,LAURACEAE,Alseodaphne,owdenii,,,,R.Parker,Vulnerable,B2ab(iii),3.1,Unknown,Global
150219924,150215092,Lindera melastomacea,PLANTAE,TRACHEOPHYTA,LAURALES,MAGNOLIOPSIDA,LAURACEAE,Lindera,melastomacea,,,,Fern.-Vill.,Vulnerable,B2ab(iii),3.1,Unknown,Global
153622583,152958245,Litsea membranifolia,PLANTAE,TRACHEOPHYTA,LAURALES,MAGNOLIOPSIDA,LAURACEAE,Litsea,membranifolia,,,,Hook.f.,Endangered,B2ab(iii),3.1,Unknown,Global
153622783,153112765,Litsea coelestis,PLANTAE,TRACHEOPHYTA,LAURALES,MAGNOLIOPSIDA,LAURACEAE,Litsea,coelestis,,,,H.P.Tsui,Vulnerable,"B1ab(i,ii,iii,iv)+2ab(i,ii,iii,iv)",3.1,Unknown,Global
153622868,153115088,Litsea oleoides,PLANTAE,TRACHEOPHYTA,LAURALES,MAGNOLIOPSIDA,LAURACEAE,Litsea,oleoides,,,,(Meisn.) Hook.f.,Vulnerable,B1ab(iii)+2ab(iii),3.1,Unknown,Global
153622903,153116010,Litsea assamica,PLANTAE,TRACHEOPHYTA,LAURALES,MAGNOLIOPSIDA,LAURACEAE,Litsea,assamica,,,,Hook.f.,Endangered,B2ab(iii),3.1,Unknown,Global
153622908,153116061,Litsea mishmiensis,PLANTAE,TRACHEOPHYTA,LAURALES,MAGNOLIOPSIDA,LAURACEAE,Litsea,mishmiensis,,,,Hook.f.,Critically Endangered,B2ab(iii),3.1,Unknown,Global
156580466,209668480,Hylarana aurantiaca,ANIMALIA,CHORDATA,ANURA,AMPHIBIA,RANIDAE,Hylarana,aurantiaca,,,,"(Boulenger, 1904)",Endangered,B1ab(iii),3.1,Decreasing,Global
156940901,155993997,Syzygium avene,PLANTAE,TRACHEOPHYTA,MYRTALES,MAGNOLIOPSIDA,MYRTACEAE,Syzygium,avene,,,,Miq.,Vulnerable,B2ab(iii),3.1,Unknown,Global
157563361,157146680,Actinodaphne andamanica,PLANTAE,TRACHEOPHYTA,LAURALES,MAGNOLIOPSIDA,LAURACEAE,Actinodaphne,andamanica,,,,M.Gangop.,Vulnerable,D2,3.1,Unknown,Global
157563506,157150683,Actinodaphne longipes,PLANTAE,TRACHEOPHYTA,LAURALES,MAGNOLIOPSIDA,LAURACEAE,Actinodaphne,longipes,,,,Kosterm.,Vulnerable,B1ab(iii)+2ab(iii),3.1,Unknown,Global
158892410,158847184,Vitex wimberleyi,PLANTAE,TRACHEOPHYTA,LAMIALES,MAGNOLIOPSIDA,LAMIACEAE,Vitex,wimberleyi,,,,Kurz,Endangered,"B1ab(i,ii,iii,iv)+2ab(i,ii,iii,iv)",3.1,Decreasing,Global
159054357,159051467,Callicarpa moldenkeana,PLANTAE,TRACHEOPHYTA,LAMIALES,MAGNOLIOPSIDA,LAMIACEAE,Callicarpa,moldenkeana,,,,A.Rajendran &amp; P.Daniel,Endangered,"B1ab(i,ii,iii,iv)+2ab(i,ii,iii,iv)",3.1,Unknown,Global
159443752,159074166,Cryptocarya andamanica,PLANTAE,TRACHEOPHYTA,LAURALES,MAGNOLIOPSIDA,LAURACEAE,Cryptocarya,andamanica,,,,Hook.f.,Vulnerable,D2,3.1,Unknown,Global
159443782,159079094,Cryptocarya balakrishnanii,PLANTAE,TRACHEOPHYTA,LAURALES,MAGNOLIOPSIDA,LAURACEAE,Cryptocarya,balakrishnanii,,,,M.Gangop. &amp; Chakrab.,Endangered,B2ab(iii),3.1,Unknown,Global
159443812,159079733,Cryptocarya burkillii,PLANTAE,TRACHEOPHYTA,LAURALES,MAGNOLIOPSIDA,LAURACEAE,Cryptocarya,burkillii,,,,M.Gangop.,Critically Endangered,B2ab(iii),3.1,Unknown,Global
159443837,159080036,Cryptocarya cavei,PLANTAE,TRACHEOPHYTA,LAURALES,MAGNOLIOPSIDA,LAURACEAE,Cryptocarya,cavei,,,,M.Gangop. &amp; Chakrab.,Critically Endangered,B2ab(iii),3.1,Unknown,Global
159443877,159080601,Cryptocarya dekae,PLANTAE,TRACHEOPHYTA,LAURALES,MAGNOLIOPSIDA,LAURACEAE,Cryptocarya,dekae,,,,M.Gangop.,Endangered,B2ab(iii),3.1,Unknown,Global
159443962,159103471,Cryptocarya insularis,PLANTAE,TRACHEOPHYTA,LAURALES,MAGNOLIOPSIDA,LAURACEAE,Cryptocarya,insularis,,,,Vasudeva Rao &amp; Chakrab.,Vulnerable,D2,3.1,Unknown,Global
159444007,159104035,Cryptocarya lawsonii,PLANTAE,TRACHEOPHYTA,LAURALES,MAGNOLIOPSIDA,LAURACEAE,Cryptocarya,lawsonii,,,,Gamble,Vulnerable,C2a(i),3.1,Decreasing,Global
159444152,159121187,Cryptocarya simonsii,PLANTAE,TRACHEOPHYTA,LAURALES,MAGNOLIOPSIDA,LAURACEAE,Cryptocarya,simonsii,,,,M.Gangop.,Critically Endangered,B2ab(iii),3.1,Unknown,Global
166095955,54478,Ghatophryne ornata,ANIMALIA,CHORDATA,ANURA,AMPHIBIA,BUFONIDAE,Ghatophryne,ornata,,,,"(Günther, 1876)",Vulnerable,B1ab(iii),3.1,Decreasing,Global
166096204,54584,Duttaphrynus beddomii,ANIMALIA,CHORDATA,ANURA,AMPHIBIA,BUFONIDAE,Duttaphrynus,beddomii,,,,"(Günther, 1876)",Vulnerable,B1ab(iii),3.1,Decreasing,Global
166096349,54593,Duttaphrynus brevirostris,ANIMALIA,CHORDATA,ANURA,AMPHIBIA,BUFONIDAE,Duttaphrynus,brevirostris,,,,"(Rao, 1937)",Vulnerable,B1ab(iii),3.1,Decreasing,Global
166096562,54684,Beduka koynayensis,ANIMALIA,CHORDATA,ANURA,AMPHIBIA,BUFONIDAE,Beduka,koynayensis,,,,"(Soman, 1963)",Endangered,B1ab(iii),3.1,Decreasing,Global
166098755,58203,Amolops chakrataensis,ANIMALIA,CHORDATA,ANURA,AMPHIBIA,RANIDAE,Amolops,chakrataensis,,,,"Ray, 1992",Critically Endangered,B1ab(iii),3.1,Decreasing,Global
166099369,58273,Minervarya keralensis,ANIMALIA,CHORDATA,ANURA,AMPHIBIA,DICROGLOSSIDAE,Minervarya,keralensis,,,,"(Dubois, 1981)",Vulnerable,B1ab(iii),3.1,Decreasing,Global
166100666,197660098,Indirana beddomii,ANIMALIA,CHORDATA,ANURA,AMPHIBIA,RANIXALIDAE,Indirana,beddomii,,,,"(Günther, 1876)",Endangered,"B1ab(iii,v)",3.1,Decreasing,Global
166101287,58312,Walkerana leptodactyla,ANIMALIA,CHORDATA,ANURA,AMPHIBIA,RANIXALIDAE,Walkerana,leptodactyla,,,,"(Boulenger, 1882)",Vulnerable,B1ab(iii),3.1,Decreasing,Global
166101476,58314,Walkerana phrynoderma,ANIMALIA,CHORDATA,ANURA,AMPHIBIA,RANIXALIDAE,Walkerana,phrynoderma,,,,"(Boulenger, 1882)",Endangered,B1ab(iii),3.1,Decreasing,Global
166102173,58377,Micrixalus elegans,ANIMALIA,CHORDATA,ANURA,AMPHIBIA,MICRIXALIDAE,Micrixalus,elegans,,,,"(Rao, 1937)",Vulnerable,B1ab(iii),3.1,Decreasing,Global
166102249,58379,Micrixalus gadgili,ANIMALIA,CHORDATA,ANURA,AMPHIBIA,MICRIXALIDAE,Micrixalus,gadgili,,,,"Pillai &amp; Pattabiraman, 1990",Vulnerable,B1ab(iii),3.1,Decreasing,Global
166102352,58383,Micrixalus phyllophilus,ANIMALIA,CHORDATA,ANURA,AMPHIBIA,MICRIXALIDAE,Micrixalus,phyllophilus,,,,"(Jerdon, 1853)",Vulnerable,B1ab(iii),3.1,Decreasing,Global
166102455,58385,Micrixalus silvaticus,ANIMALIA,CHORDATA,ANURA,AMPHIBIA,MICRIXALIDAE,Micrixalus,silvaticus,,,,"(Boulenger, 1882)",Endangered,B1ab(iii),3.1,Unknown,Global
166102542,58387,Micrixalus thampii,ANIMALIA,CHORDATA,ANURA,AMPHIBIA,MICRIXALIDAE,Micrixalus,thampii,,,,"Pillai, 1981",Endangered,B1ab(iii),3.1,Decreasing,Global
166102719,58395,Nyctibatrachus aliciae,ANIMALIA,CHORDATA,ANURA,AMPHIBIA,NYCTIBATRACHIDAE,Nyctibatrachus,aliciae,,,,"Inger, Shaffer, Koshy &amp; Bakde, 1984",Vulnerable,B1ab(iii),3.1,Decreasing,Global
166102930,58399,Nyctibatrachus karnatakaensis,ANIMALIA,CHORDATA,ANURA,AMPHIBIA,NYCTIBATRACHIDAE,Nyctibatrachus,karnatakaensis,,,,"Dinesh, Radhakrishnan, Manjunatha Reddy &amp; Gururaja, 2007",Endangered,B1ab(iii),3.1,Decreasing,Global
166103114,58401,Nyctibatrachus major,ANIMALIA,CHORDATA,ANURA,AMPHIBIA,NYCTIBATRACHIDAE,Nyctibatrachus,major,,,,"Boulenger, 1882",Endangered,B1ab(iii),3.1,Decreasing,Global
166103238,58402,Nyctibatrachus minor,ANIMALIA,CHORDATA,ANURA,AMPHIBIA,NYCTIBATRACHIDAE,Nyctibatrachus,minor,,,,"Inger, Shaffer, Koshy and Bakde, 1984",Endangered,B1ab(iii),3.1,Decreasing,Global
166103339,58403,Nyctibatrachus sanctipalustris,ANIMALIA,CHORDATA,ANURA,AMPHIBIA,NYCTIBATRACHIDAE,Nyctibatrachus,sanctipalustris,,,,"Rao, 1920",Endangered,B1ab(iii),3.1,Decreasing,Global
166103461,58404,Nyctibatrachus sylvaticus,ANIMALIA,CHORDATA,ANURA,AMPHIBIA,NYCTIBATRACHIDAE,Nyctibatrachus,sylvaticus,,,,"Rao, 1937",Endangered,B1ab(iii),3.1,Unknown,Global
166104490,58571,Ingerana charlesdarwini,ANIMALIA,CHORDATA,ANURA,AMPHIBIA,DICROGLOSSIDAE,Ingerana,charlesdarwini,,,,"(Das, 1998)",Vulnerable,B1ab(iii),3.1,Decreasing,Global
166105738,58788,Chirixalus dudhwaensis,ANIMALIA,CHORDATA,ANURA,AMPHIBIA,RHACOPHORIDAE,Chirixalus,dudhwaensis,,,,"Ray, 1992",Vulnerable,B1ab(iii),3.1,Decreasing,Global
166106548,58829,Raorchestes chalazodes,ANIMALIA,CHORDATA,ANURA,AMPHIBIA,RHACOPHORIDAE,Raorchestes,chalazodes,,,,"(Günther, 1876)",Vulnerable,B1ab(iii),3.1,Decreasing,Global
166106955,58847,Raorchestes glandulosus,ANIMALIA,CHORDATA,ANURA,AMPHIBIA,RHACOPHORIDAE,Raorchestes,glandulosus,,,,"(Jerdon, 1853)",Vulnerable,B1ab(iii),3.1,Decreasing,Global
166107068,58849,Raorchestes griet,ANIMALIA,CHORDATA,ANURA,AMPHIBIA,RHACOPHORIDAE,Raorchestes,griet,,,,"(Bossuyt, 2002)",Vulnerable,B1ab(iii),3.1,Decreasing,Global
166107469,58876,Philautus namdaphaensis,ANIMALIA,CHORDATA,ANURA,AMPHIBIA,RHACOPHORIDAE,Philautus,namdaphaensis,,,,"Sarkar &amp; Sanyal, 1985",Vulnerable,B2ab(iii),3.1,Decreasing,Global
166107945,58903,Raorchestes signatus,ANIMALIA,CHORDATA,ANURA,AMPHIBIA,RHACOPHORIDAE,Raorchestes,signatus,,,,"(Boulenger, 1882)",Endangered,B1ab(iii),3.1,Decreasing,Global
166108604,58926,Raorchestes tinniens,ANIMALIA,CHORDATA,ANURA,AMPHIBIA,RHACOPHORIDAE,Raorchestes,tinniens,,,,"(Jerdon, 1853)",Endangered,B1ab(iii),3.1,Decreasing,Global
166108743,58927,Raorchestes travancoricus,ANIMALIA,CHORDATA,ANURA,AMPHIBIA,RHACOPHORIDAE,Raorchestes,travancoricus,,,,"(Boulenger, 1891)",Endangered,B1ab(iii),3.1,Decreasing,Global
166109531,58983,Rhacophorus calcadensis,ANIMALIA,CHORDATA,ANURA,AMPHIBIA,RHACOPHORIDAE,Rhacophorus,calcadensis,,,,"Ahl, 1927",Vulnerable,B1ab(iii),3.1,Decreasing,Global
166109981,59027,Ghatixalus variabilis,ANIMALIA,CHORDATA,ANURA,AMPHIBIA,RHACOPHORIDAE,Ghatixalus,variabilis,,,,"(Jerdon, 1854)",Endangered,B1ab(iii),3.1,Decreasing,Global
166111992,61850,Uperodon assamensis,ANIMALIA,CHORDATA,ANURA,AMPHIBIA,MICROHYLIDAE,Uperodon,assamensis,,,,"(Das, Sengupta, Ahmed &amp; Dutta, 2005)",Vulnerable,B1ab(iii),3.1,Decreasing,Global
166112244,61885,Raorchestes nerostagona,ANIMALIA,CHORDATA,ANURA,AMPHIBIA,RHACOPHORIDAE,Raorchestes,nerostagona,,,,"(Biju &amp; Bossuyt, 2005)",Vulnerable,B1ab(iii),3.1,Decreasing,Global
166112666,135879,Megophrys zunhebotoensis,ANIMALIA,CHORDATA,ANURA,AMPHIBIA,MEGOPHRYIDAE,Megophrys,zunhebotoensis,,,,"(Mathew &amp; Sen, 2007)",Endangered,B1ab(iii),3.1,Decreasing,Global
166113102,136045,Nyctibatrachus minimus,ANIMALIA,CHORDATA,ANURA,AMPHIBIA,NYCTIBATRACHIDAE,Nyctibatrachus,minimus,,,,"Biju, Van Bocxlaer, Giri, Roelants, Nagaraju &amp; Bossuyt, 2007",Vulnerable,B1ab(iii),3.1,Decreasing,Global
166113212,136049,Minervarya nicobariensis,ANIMALIA,CHORDATA,ANURA,AMPHIBIA,DICROGLOSSIDAE,Minervarya,nicobariensis,,,,"(Stoliczka, 1870)",Vulnerable,B1ab(iii),3.1,Stable,Global
166113999,158638,Amolops assamensis,ANIMALIA,CHORDATA,ANURA,AMPHIBIA,RANIDAE,Amolops,assamensis,,,,"Sengupta, Hussain, Choudhury, Gogoi, Ahmed &amp; Choudhury, 2008",Vulnerable,B1ab(iii),3.1,Decreasing,Global
166114332,173018,Nyctibatrachus dattatreyaensis,ANIMALIA,CHORDATA,ANURA,AMPHIBIA,NYCTIBATRACHIDAE,Nyctibatrachus,dattatreyaensis,,,,"Dinesh, Radhakrishnan &amp; Bhatta, 2008",Endangered,B1ab(iii),3.1,Decreasing,Global
166114872,186160,Raorchestes chotta,ANIMALIA,CHORDATA,ANURA,AMPHIBIA,RHACOPHORIDAE,Raorchestes,chotta,,,,"(Biju &amp; Bossuyt, 2009)",Endangered,B1ab(iii),3.1,Decreasing,Global
166115005,186161,Raorchestes coonoorensis,ANIMALIA,CHORDATA,ANURA,AMPHIBIA,RHACOPHORIDAE,Raorchestes,coonoorensis,,,,"(Biju &amp; Bossuyt, 2009)",Endangered,B1ab(iii),3.1,Decreasing,Global
166115130,186163,Raorchestes kaikatti,ANIMALIA,CHORDATA,ANURA,AMPHIBIA,RHACOPHORIDAE,Raorchestes,kaikatti,,,,"(Biju &amp; Bossuyt, 2009)",Endangered,B1ab(iii),3.1,Decreasing,Global
166115426,186165,Raorchestes marki,ANIMALIA,CHORDATA,ANURA,AMPHIBIA,RHACOPHORIDAE,Raorchestes,marki,,,,"(Biju &amp; Bossuyt, 2009)",Critically Endangered,B1ab(iii),3.1,Decreasing,Global
166115575,186166,Raorchestes sushili,ANIMALIA,CHORDATA,ANURA,AMPHIBIA,RHACOPHORIDAE,Raorchestes,sushili,,,,"(Biju &amp; Bossuyt, 2009)",Endangered,B1ab(iii),3.1,Decreasing,Global
166115729,187830,Raorchestes chromasynchysi,ANIMALIA,CHORDATA,ANURA,AMPHIBIA,RHACOPHORIDAE,Raorchestes,chromasynchysi,,,,"(Biju &amp; Bossuyt, 2009)",Vulnerable,B1ab(iii),3.1,Decreasing,Global
166115894,189700,Beduka amboli,ANIMALIA,CHORDATA,ANURA,AMPHIBIA,BUFONIDAE,Beduka,amboli,,,,"Dubois, Ohler &amp; Pyron, 2021",Endangered,"B1ab(iii,v)",3.1,Decreasing,Global
166116623,78521208,Nyctibatrachus kumbara,ANIMALIA,CHORDATA,ANURA,AMPHIBIA,NYCTIBATRACHIDAE,Nyctibatrachus,kumbara,,,,"Gururaja, Dinesh, Priti &amp; Ravikanth, 2014",Vulnerable,B1ab(iii),3.1,Decreasing,Global
166116648,79080668,Megophrys oropedion,ANIMALIA,CHORDATA,ANURA,AMPHIBIA,MEGOPHRYIDAE,Megophrys,oropedion,,,,"Mahony, Teeling &amp; Biju, 2013",Endangered,B1ab(iii),3.1,Unknown,Global
166116653,79095367,Mercurana myristicapalustris,ANIMALIA,CHORDATA,ANURA,AMPHIBIA,RHACOPHORIDAE,Mercurana,myristicapalustris,,,,"Abraham, Pyron, Ansil, Zachariah &amp; Zachariah, 2013",Endangered,B1ab(iii),3.1,Decreasing,Global
166116673,79719834,Beddomixalus bijui,ANIMALIA,CHORDATA,ANURA,AMPHIBIA,RHACOPHORIDAE,Beddomixalus,bijui,,,,"(Zachariah, Dinesh, Radhakrishnan, Kunhikrishnan, Palot &amp; Vishnudas, 2011)",Endangered,B1ab(iii),3.1,Decreasing,Global
166116688,88368304,Megophrys vegrandis,ANIMALIA,CHORDATA,ANURA,AMPHIBIA,MEGOPHRYIDAE,Megophrys,vegrandis,,,,"Mahony, Teeling, &amp; Biju, 2013",Endangered,B1ab(iii),3.1,Decreasing,Global
166116708,88378128,Nyctibatrachus anamallaiensis,ANIMALIA,CHORDATA,ANURA,AMPHIBIA,NYCTIBATRACHIDAE,Nyctibatrachus,anamallaiensis,,,,"(Myers, 1942)",Endangered,B1ab(iii),3.1,Decreasing,Global
166116733,89183211,Indirana salelkari,ANIMALIA,CHORDATA,ANURA,AMPHIBIA,RANIXALIDAE,Indirana,salelkari,,,,"Modak, Dahanukar, Gosavi, &amp; Padhye, 2015",Vulnerable,B1ab(iii),3.1,Decreasing,Global
166116920,121370882,Minervarya manoharani,ANIMALIA,CHORDATA,ANURA,AMPHIBIA,DICROGLOSSIDAE,Minervarya,manoharani,,,,"(Garg &amp; Biju, 2017)",Endangered,B1ab(iii),3.1,Decreasing,Global
166116971,165414176,Minervarya goemchi,ANIMALIA,CHORDATA,ANURA,AMPHIBIA,DICROGLOSSIDAE,Minervarya,goemchi,,,,"(Dinesh, Kulkarni, Swamy &amp; Deepak, 2018)",Endangered,B1ab(iii),3.1,Decreasing,Global
166156075,88369128,Micrixalus kottigeharensis,ANIMALIA,CHORDATA,ANURA,AMPHIBIA,MICRIXALIDAE,Micrixalus,kottigeharensis,,,,"(Rao, 1937)",Vulnerable,B1ab(iii),3.1,Decreasing,Global
166156380,88378424,Nyctibatrachus beddomii,ANIMALIA,CHORDATA,ANURA,AMPHIBIA,NYCTIBATRACHIDAE,Nyctibatrachus,beddomii,,,,"(Boulenger, 1882)",Endangered,B1ab(iii),3.1,Decreasing,Global
166156541,88378891,Nyctibatrachus deccanensis,ANIMALIA,CHORDATA,ANURA,AMPHIBIA,NYCTIBATRACHIDAE,Nyctibatrachus,deccanensis,,,,"Dubois, 1984",Endangered,B1ab(iii),3.1,Decreasing,Global
169055603,33608,Atuna travancorica,PLANTAE,TRACHEOPHYTA,MALPIGHIALES,MAGNOLIOPSIDA,CHRYSOBALANACEAE,Atuna,travancorica,,,,(Bedd.) Kosterm.,Critically Endangered,A2c; C2a(i),3.1,Decreasing,Global
169056351,169056310,Calophyllum austroindicum,PLANTAE,TRACHEOPHYTA,MALPIGHIALES,MAGNOLIOPSIDA,CALOPHYLLACEAE,Calophyllum,austroindicum,,,,Kosterm. ex P.F.Stevens,Vulnerable,A2cd,3.1,Stable,Global
169056798,169056377,Calophyllum pascalianum,PLANTAE,TRACHEOPHYTA,MALPIGHIALES,MAGNOLIOPSIDA,CALOPHYLLACEAE,Calophyllum,pascalianum,,,,"B.R.Ramesh, Ayyappan &amp; De Franceschi",Critically Endangered,D,3.1,Unknown,Global
169056985,169056981,Capparis rheedei,PLANTAE,TRACHEOPHYTA,BRASSICALES,MAGNOLIOPSIDA,CAPPARACEAE,Capparis,rheedei,,,,DC.,Vulnerable,"A2c; B2ab(iii,v); C2a(i)",3.1,Decreasing,Global
169588922,31169,Hopea jacobi,PLANTAE,TRACHEOPHYTA,MALVALES,MAGNOLIOPSIDA,DIPTEROCARPACEAE,Hopea,jacobi,,,,C.E.C.Fisch.,Critically Endangered,"B1ab(iii,v)+2ab(iii,v)",3.1,Decreasing,Global
169589096,33018,Hopea glabra,PLANTAE,TRACHEOPHYTA,MALVALES,MAGNOLIOPSIDA,DIPTEROCARPACEAE,Hopea,glabra,,,,Wight &amp; Arn.,Endangered,C2a(i); D,3.1,Decreasing,Global
169589143,33022,Hopea racophloea,PLANTAE,TRACHEOPHYTA,MALVALES,MAGNOLIOPSIDA,DIPTEROCARPACEAE,Hopea,racophloea,,,,Dyer,Endangered,C2a(i),3.1,Decreasing,Global
169589185,33023,Hopea utilis,PLANTAE,TRACHEOPHYTA,MALVALES,MAGNOLIOPSIDA,DIPTEROCARPACEAE,Hopea,utilis,,,,(Bedd.) Bole,Endangered,"B1ab(ii,iii,v)+2ab(ii,iii,v); C2a(i); D",3.1,Decreasing,Global
169589635,169578317,Reinwardtiodendron anamalaiense,PLANTAE,TRACHEOPHYTA,SAPINDALES,MAGNOLIOPSIDA,MELIACEAE,Reinwardtiodendron,anamalaiense,,,,(Bedd.) Mabb.,Vulnerable,A2c,3.1,Decreasing,Global
172581635,172580995,Alseodaphnopsis petiolaris,PLANTAE,TRACHEOPHYTA,LAURALES,MAGNOLIOPSIDA,LAURACEAE,Alseodaphnopsis,petiolaris,,,,(Meisn.) H.W.Li &amp; J.Li,Vulnerable,B2ab(iii),3.1,Unknown,Global
172607067,172587745,Dehaasia assamica,PLANTAE,TRACHEOPHYTA,LAURALES,MAGNOLIOPSIDA,LAURACEAE,Dehaasia,assamica,,,,Kosterm.,Critically Endangered,B2ab(iii),3.1,Unknown,Global
172913103,172738069,Lindera andamanica,PLANTAE,TRACHEOPHYTA,LAURALES,MAGNOLIOPSIDA,LAURACEAE,Lindera,andamanica,,,,"Chakrab., Lakra &amp; Diwakar",Vulnerable,D2,3.1,Unknown,Global
173472237,31185,Cynometra bourdillonii,PLANTAE,TRACHEOPHYTA,FABALES,MAGNOLIOPSIDA,FABACEAE,Cynometra,bourdillonii,,,,Gamble,Endangered,B2ab(iii),3.1,Unknown,Global
175597951,175597058,Machilus kingii,PLANTAE,TRACHEOPHYTA,LAURALES,MAGNOLIOPSIDA,LAURACEAE,Machilus,kingii,,,,Hook.f.,Endangered,B2ab(iii),3.1,Unknown,Global
175655465,175655434,Cryptocoryne sivadasanii,PLANTAE,TRACHEOPHYTA,ALISMATALES,LILIOPSIDA,ARACEAE,Cryptocoryne,sivadasanii,,,,Bogner,Vulnerable,B1ab(iii)+2ab(iii),3.1,Unknown,Global
175746105,175615495,Phoebe angustifolia,PLANTAE,TRACHEOPHYTA,LAURALES,MAGNOLIOPSIDA,LAURACEAE,Phoebe,angustifolia,,,,Meisn.,Vulnerable,B2ab(iii),3.1,Unknown,Global
176691123,31275,Sloanea tomentosa,PLANTAE,TRACHEOPHYTA,OXALIDALES,MAGNOLIOPSIDA,ELAEOCARPACEAE,Sloanea,tomentosa,,,,(Benth.) Rehder &amp; E.H.Wilson,Endangered,C2a(i),3.1,Decreasing,Global
176691179,176680211,Antidesma khasianum,PLANTAE,TRACHEOPHYTA,MALPIGHIALES,MAGNOLIOPSIDA,PHYLLANTHACEAE,Antidesma,khasianum,,,,Hook.f.,Endangered,C2a(i),3.1,Decreasing,Global
176861755,176856760,Ormosia robusta,PLANTAE,TRACHEOPHYTA,FABALES,MAGNOLIOPSIDA,FABACEAE,Ormosia,robusta,,,,(Wight) Voigt,Critically Endangered,C2a(i),3.1,Decreasing,Global
176861795,176857958,Syzygium khasianum,PLANTAE,TRACHEOPHYTA,MYRTALES,MAGNOLIOPSIDA,MYRTACEAE,Syzygium,khasianum,,,,(Duthie) N.P.Balakr.,Critically Endangered,C2a(i),3.1,Decreasing,Global
177944173,177944137,Premna debiana,PLANTAE,TRACHEOPHYTA,LAMIALES,MAGNOLIOPSIDA,LAMIACEAE,Premna,debiana,,,,A.Rajendran &amp; P.Daniel,Endangered,B2ab(iii),3.1,Unknown,Global
177944419,177944393,Premna milleflora,PLANTAE,TRACHEOPHYTA,LAMIALES,MAGNOLIOPSIDA,LAMIACEAE,Premna,milleflora,,,,C.B.Clarke,Vulnerable,"B2ab(i,ii,iii,iv)",3.1,Unknown,Global
177969102,177962982,Dipcadi goaense,PLANTAE,TRACHEOPHYTA,ASPARAGALES,LILIOPSIDA,ASPARAGACEAE,Dipcadi,goaense,,,,"Prabhug., U.S.Yadav &amp; Janarth.",Endangered,B1ab(iii)+2ab(iii),3.1,Unknown,Global
179054978,179054974,Dasymaschalon longiflorum,PLANTAE,TRACHEOPHYTA,MAGNOLIALES,MAGNOLIOPSIDA,ANNONACEAE,Dasymaschalon,longiflorum,,,,(Roxb.) Finet &amp; Gagnep.,Vulnerable,B2ab(iii),3.1,Unknown,Global
179207816,179207814,Goniothalamus thwaitesii,PLANTAE,TRACHEOPHYTA,MAGNOLIALES,MAGNOLIOPSIDA,ANNONACEAE,Goniothalamus,thwaitesii,,,,Hook.f. &amp; Thomson,Vulnerable,B2ab(iii),3.1,Unknown,Global
180593985,22693431,Calidris ferruginea,ANIMALIA,CHORDATA,CHARADRIIFORMES,AVES,SCOLOPACIDAE,Calidris,ferruginea,,,,"(Pontoppidan, 1763)",Vulnerable,A2bcd+4bcd,3.1,Decreasing,Global
181389582,181140345,Megophrys awuh,ANIMALIA,CHORDATA,ANURA,AMPHIBIA,MEGOPHRYIDAE,Megophrys,awuh,,,,"Mahony, Kamei, Teeling &amp; Biju, 2020",Vulnerable,B1ab(iii),3.1,Decreasing,Global
181391525,181141076,Megophrys dzukou,ANIMALIA,CHORDATA,ANURA,AMPHIBIA,MEGOPHRYIDAE,Megophrys,dzukou,,,,"Mahony, Kamei, Teeling &amp; Biju, 2020",Critically Endangered,B1ab(iii),3.1,Unknown,Global
181516499,181473105,Blythophryne beryet,ANIMALIA,CHORDATA,ANURA,AMPHIBIA,BUFONIDAE,Blythophryne,beryet,,,,"Chandramouli, Vasudevan, Harikrishnan, Dutta, Janani, Sharma, Das &amp; Aggarwal, 2016",Vulnerable,B1ab(iii),3.1,Stable,Global
181893398,181140883,Megophrys numhbumaeng,ANIMALIA,CHORDATA,ANURA,AMPHIBIA,MEGOPHRYIDAE,Megophrys,numhbumaeng,,,,"Mahony, Kamei, Teeling &amp; Biju, 2020",Endangered,B1ab(iii),3.1,Decreasing,Global
185287991,176848640,Alphonsea zeylanica,PLANTAE,TRACHEOPHYTA,MAGNOLIALES,MAGNOLIOPSIDA,ANNONACEAE,Alphonsea,zeylanica,,,,Hook.f. &amp; Thomson,Vulnerable,B2ab(iii),3.1,Unknown,Global
186884436,186884431,Pecteilis triflora,PLANTAE,TRACHEOPHYTA,ASPARAGALES,LILIOPSIDA,ORCHIDACEAE,Pecteilis,triflora,,,,(D.Don) Tang &amp; F.T.Wang,Critically Endangered,C2a(i),3.1,Decreasing,Global
186885121,184539455,Crepidium aphyllum,PLANTAE,TRACHEOPHYTA,ASPARAGALES,LILIOPSIDA,ORCHIDACEAE,Crepidium,aphyllum,,,,(King &amp; Pantl.) A.N.Rao,Endangered,B2ab(iii),3.1,Stable,Global
186885369,186884507,Peristylus sahanii,PLANTAE,TRACHEOPHYTA,ASPARAGALES,LILIOPSIDA,ORCHIDACEAE,Peristylus,sahanii,,,,"Kumar, G.S.Rawat &amp; Jalal",Critically Endangered,B2ab(iii); D,3.1,Stable,Global
186885384,186884978,Eulophia obtusa,PLANTAE,TRACHEOPHYTA,ASPARAGALES,LILIOPSIDA,ORCHIDACEAE,Eulophia,obtusa,,,,(Lindl.) Hook.f.,Critically Endangered,"B2ab(i,ii,iii,iv,v); C2a(i,ii); D",3.1,Decreasing,Global
186885394,186885185,Habenaria sahyadrica,PLANTAE,TRACHEOPHYTA,ASPARAGALES,LILIOPSIDA,ORCHIDACEAE,Habenaria,sahyadrica,,,,"K.M.P.Kumar, Nirmesh, V.B.Sreek. &amp; Kumar",Endangered,D,3.1,Stable,Global
187022622,187022603,Murdannia assamica,PLANTAE,TRACHEOPHYTA,COMMELINALES,LILIOPSIDA,COMMELINACEAE,Murdannia,assamica,,,,Nampy &amp; Ancy,Vulnerable,D2,3.1,Unknown,Global
187022673,187022663,Murdannia brownii,PLANTAE,TRACHEOPHYTA,COMMELINALES,LILIOPSIDA,COMMELINACEAE,Murdannia,brownii,,,,Nandikar &amp; Gurav,Endangered,B1ab(iii)+2ab(iii),3.1,Unknown,Global
187024275,187024265,Murdannia saddlepeakensis,PLANTAE,TRACHEOPHYTA,COMMELINALES,LILIOPSIDA,COMMELINACEAE,Murdannia,saddlepeakensis,,,,M.V.Ramana &amp; Nandikar,Critically Endangered,B1ab(iii)+2ab(iii),3.1,Decreasing,Global
187025974,187025460,Murdannia sanjappae,PLANTAE,TRACHEOPHYTA,COMMELINALES,LILIOPSIDA,COMMELINACEAE,Murdannia,sanjappae,,,,M.C.Naik &amp; B.R.P.Rao,Vulnerable,D2,3.1,Unknown,Global
188972478,186301014,Oberonia bopannae,PLANTAE,TRACHEOPHYTA,ASPARAGALES,LILIOPSIDA,ORCHIDACEAE,Oberonia,bopannae,,,,Chowlu &amp; Kumar,Critically Endangered,B2ab(iii); D,3.1,Unknown,Global
191546963,191546628,Adelocaryum lambertianum,PLANTAE,TRACHEOPHYTA,BORAGINALES,MAGNOLIOPSIDA,BORAGINACEAE,Adelocaryum,lambertianum,,,,(C.B.Clarke) R.R.Mill,Endangered,B1ab(iii)+2ab(iii),3.1,Decreasing,Global
191547198,191547129,Adelocaryum malabaricum,PLANTAE,TRACHEOPHYTA,BORAGINALES,MAGNOLIOPSIDA,BORAGINACEAE,Adelocaryum,malabaricum,,,,(C.B.Clarke) Brand,Endangered,B1ab(iii)+2ab(iii),3.1,Decreasing,Global
191547574,191547570,Amorphophallus smithsonianus,PLANTAE,TRACHEOPHYTA,ALISMATALES,LILIOPSIDA,ARACEAE,Amorphophallus,smithsonianus,,,,Sivadasan,Vulnerable,D2,3.1,Unknown,Global
191681934,191681904,Distimake rhyncorhiza,PLANTAE,TRACHEOPHYTA,SOLANALES,MAGNOLIOPSIDA,CONVOLVULACEAE,Distimake,rhyncorhiza,,,,(Dalzell) A.R.Simões &amp; Staples,Vulnerable,B2ab(iii),3.1,Unknown,Global
197729585,168904,Cryptocoryne cognata,PLANTAE,TRACHEOPHYTA,ALISMATALES,LILIOPSIDA,ARACEAE,Cryptocoryne,cognata,,,,Schott,Vulnerable,"B1ab(ii,iii)+2ab(ii,iii)",3.1,Unknown,Global
197729797,175218,Cryptocoryne consobrina,PLANTAE,TRACHEOPHYTA,ALISMATALES,LILIOPSIDA,ARACEAE,Cryptocoryne,consobrina,,,,Schott,Vulnerable,B1ab(iii)+2ab(iii),3.1,Decreasing,Global
197945974,197945955,Raorchestes keirasabinae,ANIMALIA,CHORDATA,ANURA,AMPHIBIA,RHACOPHORIDAE,Raorchestes,keirasabinae,,,,"Garg, Suyesh, Das, Bee &amp; Biju, 2021",Vulnerable,B1ab(iii),3.1,Decreasing,Global
201031094,31187,Humboldtia bourdillonii,PLANTAE,TRACHEOPHYTA,FABALES,MAGNOLIOPSIDA,FABACEAE,Humboldtia,bourdillonii,,,,Prain,Vulnerable,A2c; B1ab(iii)+2ab(iii),3.1,Decreasing,Global
201031154,33645,Dialium travancoricum,PLANTAE,TRACHEOPHYTA,FABALES,MAGNOLIOPSIDA,FABACEAE,Dialium,travancoricum,,,,Bourd.,Critically Endangered,"B1ab(i,ii,iii)+2ab(i,ii,iii); D",3.1,Decreasing,Global
201031235,33647,Prioria pinnata,PLANTAE,TRACHEOPHYTA,FABALES,MAGNOLIOPSIDA,FABACEAE,Prioria,pinnata,,,,(Roxb. ex DC.) Breteler,Vulnerable,A1acd,3.1,Stable,Global
201031315,38758,Aporosa bourdillonii,PLANTAE,TRACHEOPHYTA,MALPIGHIALES,MAGNOLIOPSIDA,PHYLLANTHACEAE,Aporosa,bourdillonii,,,,Stapf.,Endangered,"B1ab(iii,v)+2ab(iii,v); C2a(i); D",3.1,Decreasing,Global
201031378,201030934,Humboldtia brunonis,PLANTAE,TRACHEOPHYTA,FABALES,MAGNOLIOPSIDA,FABACEAE,Humboldtia,brunonis,,,,Wall.,Vulnerable,A2c; C2a(i),3.1,Decreasing,Global
201031398,201031081,Syzygium periyarense,PLANTAE,TRACHEOPHYTA,MYRTALES,MAGNOLIOPSIDA,MYRTACEAE,Syzygium,periyarense,,,,Augustine &amp; Sasidh.,Critically Endangered,D,3.1,Unknown,Global
202740770,202483877,Semecarpus kurzii,PLANTAE,TRACHEOPHYTA,SAPINDALES,MAGNOLIOPSIDA,ANACARDIACEAE,Semecarpus,kurzii,,,,Engl.,Endangered,B2ab(iii),3.1,Unknown,Global
202740785,202483996,Semecarpus prainii,PLANTAE,TRACHEOPHYTA,SAPINDALES,MAGNOLIOPSIDA,ANACARDIACEAE,Semecarpus,prainii,,,,King,Vulnerable,B2ab(iii),3.1,Unknown,Global
202740790,202484066,Semecarpus subpanduriformis,PLANTAE,TRACHEOPHYTA,SAPINDALES,MAGNOLIOPSIDA,ANACARDIACEAE,Semecarpus,subpanduriformis,,,,Wall. ex Hook.f.,Endangered,B2ab(iii),3.1,Unknown,Global
202740876,202532388,Brownlowia elata,PLANTAE,TRACHEOPHYTA,MALVALES,MAGNOLIOPSIDA,MALVACEAE,Brownlowia,elata,,,,Roxb.,Vulnerable,B2ab(iii),3.1,Unknown,Global
202740976,202536352,Grewia nagensium,PLANTAE,TRACHEOPHYTA,MALVALES,MAGNOLIOPSIDA,MALVACEAE,Grewia,nagensium,,,,Prain,Endangered,B1ab(iii)+2ab(iii),3.1,Unknown,Global
202741202,202732050,Pterospermum aceroides,PLANTAE,TRACHEOPHYTA,MALVALES,MAGNOLIOPSIDA,MALVACEAE,Pterospermum,aceroides,,,,Wall. ex Kurz,Endangered,B2ab(iii),3.1,Unknown,Global
206909976,206837366,Glochidion andamanicum,PLANTAE,TRACHEOPHYTA,MALPIGHIALES,MAGNOLIOPSIDA,PHYLLANTHACEAE,Glochidion,andamanicum,,,,Kurz,Endangered,B2ab(iii),3.1,Unknown,Global
209009666,208974595,Ochna gamblei,PLANTAE,TRACHEOPHYTA,MALPIGHIALES,MAGNOLIOPSIDA,OCHNACEAE,Ochna,gamblei,,,,King ex Brandis,Endangered,A2ac; D,3.1,Decreasing,Global
210018953,210014331,Pandanus palakkadensis,PLANTAE,TRACHEOPHYTA,PANDANALES,LILIOPSIDA,PANDANACEAE,Pandanus,palakkadensis,,,,"Nadaf, Zanan &amp; Wakte",Critically Endangered,"B1ab(iii,v)+2ab(iii,v); C2a(ii)",3.1,Decreasing,Global
210023075,30891,Syzygium neesianum,PLANTAE,TRACHEOPHYTA,MYRTALES,MAGNOLIOPSIDA,MYRTACEAE,Syzygium,neesianum,,,,Arn.,Vulnerable,A2c; B2ab(iii),3.1,Decreasing,Global
210023175,38036,Syzygium caryophyllatum,PLANTAE,TRACHEOPHYTA,MYRTALES,MAGNOLIOPSIDA,MYRTACEAE,Syzygium,caryophyllatum,,,,(L.) Alston,Vulnerable,C2a(i),3.1,Unknown,Global
210023247,210010463,Syzygium calophyllifolium,PLANTAE,TRACHEOPHYTA,MYRTALES,MAGNOLIOPSIDA,MYRTACEAE,Syzygium,calophyllifolium,,,,(Wight) Walp.,Endangered,C2a(i),3.1,Decreasing,Global
210023277,210013452,Ficus beddomei,PLANTAE,TRACHEOPHYTA,ROSALES,MAGNOLIOPSIDA,MORACEAE,Ficus,beddomei,,,,King,Endangered,A2c,3.1,Decreasing,Global
210023282,210013545,Ficus costata,PLANTAE,TRACHEOPHYTA,ROSALES,MAGNOLIOPSIDA,MORACEAE,Ficus,costata,,,,Aiton,Vulnerable,"B2ab(i,ii,iii,iv)",3.1,Decreasing,Global
210023287,210013949,Ficus dalhousiae,PLANTAE,TRACHEOPHYTA,ROSALES,MAGNOLIOPSIDA,MORACEAE,Ficus,dalhousiae,,,,(Miq.) Miq.,Vulnerable,B2ab(iii),3.1,Unknown,Global
211814001,211716588,Garcinia succifolia,PLANTAE,TRACHEOPHYTA,MALPIGHIALES,MAGNOLIOPSIDA,CLUSIACEAE,Garcinia,succifolia,,,,Kurz,Vulnerable,B2ab(iii),3.1,Unknown,Global
213399586,213352738,Chionanthus sumatranus,PLANTAE,TRACHEOPHYTA,LAMIALES,MAGNOLIOPSIDA,OLEACEAE,Chionanthus,sumatranus,,,,Blume,Vulnerable,B2ab(iii),3.1,Unknown,Global
215199554,215199522,Lepidagathis clavata,PLANTAE,TRACHEOPHYTA,LAMIALES,MAGNOLIOPSIDA,ACANTHACEAE,Lepidagathis,clavata,,,,Dalzell,Critically Endangered,B1ab(iii),3.1,Unknown,Global
218880247,22679012,Perdicula manipurensis,ANIMALIA,CHORDATA,GALLIFORMES,AVES,PHASIANIDAE,Perdicula,manipurensis,,,,"(Hume, 1880)",Critically Endangered,D,3.1,Unknown,Global
218986656,22679330,Syrmaticus humiae,ANIMALIA,CHORDATA,GALLIFORMES,AVES,PHASIANIDAE,Syrmaticus,humiae,,,,"(Hume, 1881)",Vulnerable,C2a(i),3.1,Decreasing,Global
218992481,200533196,Meyna pubescens,PLANTAE,TRACHEOPHYTA,GENTIANALES,MAGNOLIOPSIDA,RUBIACEAE,Meyna,pubescens,,,,(Kurz) Robyns,Vulnerable,B2ab(iii),3.1,Unknown,Global
220912087,220761693,Lepisanthes andamanica,PLANTAE,TRACHEOPHYTA,SAPINDALES,MAGNOLIOPSIDA,SAPINDACEAE,Lepisanthes,andamanica,,,,King,Vulnerable,B2ab(iii),3.1,Unknown,Global
222292347,222291660,Syzygium sasidharanii,PLANTAE,TRACHEOPHYTA,MYRTALES,MAGNOLIOPSIDA,MYRTACEAE,Syzygium,sasidharanii,,,,Sujanapal,Critically Endangered,C2a(i),3.1,Decreasing,Global
222292384,222291715,Syzygium agastyamalayanum,PLANTAE,TRACHEOPHYTA,MYRTALES,MAGNOLIOPSIDA,MYRTACEAE,Syzygium,agastyamalayanum,,,,M.B.Viswan. &amp; Manik.,Critically Endangered,B1ab(iii)+2ab(iii); D,3.1,Decreasing,Global
222292498,222292291,Syzygium ponmudianum,PLANTAE,TRACHEOPHYTA,MYRTALES,MAGNOLIOPSIDA,MYRTACEAE,Syzygium,ponmudianum,,,,"A.K.Sreekala, Ramas., D.S.Pillai &amp; Surendr.",Critically Endangered,B1ab(iii)+2ab(iii); D,3.1,Decreasing,Global
223447603,31181,Buchanania barberi,PLANTAE,TRACHEOPHYTA,SAPINDALES,MAGNOLIOPSIDA,ANACARDIACEAE,Buchanania,barberi,,,,Gamble,Critically Endangered,"B2ab(iii,v); C2a(i,ii); D",3.1,Decreasing,Global
223484923,22693225,Tringa guttifer,ANIMALIA,CHORDATA,CHARADRIIFORMES,AVES,SCOLOPACIDAE,Tringa,guttifer,,,,"(Nordmann, 1835)",Endangered,C2a(ii),3.1,Decreasing,Global
224134652,224100285,Planchonella longipetiolata,PLANTAE,TRACHEOPHYTA,ERICALES,MAGNOLIOPSIDA,SAPOTACEAE,Planchonella,longipetiolata,,,,(King &amp; Prain) H.J.Lam,Vulnerable,B2ab(iii),3.1,Unknown,Global
224134657,224088253,Gymnocladus burmanicus,PLANTAE,TRACHEOPHYTA,FABALES,MAGNOLIOPSIDA,FABACEAE,Gymnocladus,burmanicus,,,,C.E.Parkinson,Endangered,B2ab(iii),3.1,Unknown,Global
224134662,224071357,Albizia umbrosa,PLANTAE,TRACHEOPHYTA,FABALES,MAGNOLIOPSIDA,FABACEAE,Albizia,umbrosa,,,,(Wall.) Benth.,Endangered,B2ab(iii),3.1,Unknown,Global
224134682,224106293,Tarenna helferi,PLANTAE,TRACHEOPHYTA,GENTIANALES,MAGNOLIOPSIDA,RUBIACEAE,Tarenna,helferi,,,,(Kurz) N.P.Balakr. ex S.C.Das &amp; M.A.Rahman,Endangered,B2ab(iii),3.1,Unknown,Global
224134702,224109482,Vaccinium piliferum,PLANTAE,TRACHEOPHYTA,ERICALES,MAGNOLIOPSIDA,ERICACEAE,Vaccinium,piliferum,,,,(Hook.f. ex C.B.Clarke) Sleumer,Endangered,B2ab(iii),3.1,Unknown,Global
224134732,224101293,Syzygium praetermissum,PLANTAE,TRACHEOPHYTA,MYRTALES,MAGNOLIOPSIDA,MYRTACEAE,Syzygium,praetermissum,,,,(Gage) N.P.Balakr.,Vulnerable,B2ab(iii),3.1,Unknown,Global
224134792,224085585,Dillenia mansonii,PLANTAE,TRACHEOPHYTA,DILLENIALES,MAGNOLIOPSIDA,DILLENIACEAE,Dillenia,mansonii,,,,(Gage) Hoogland,Endangered,B2ab(iii),3.1,Unknown,Global
224134827,224071631,Allophylus subfalcatus,PLANTAE,TRACHEOPHYTA,SAPINDALES,MAGNOLIOPSIDA,SAPINDACEAE,Allophylus,subfalcatus,,,,Radlk.,Vulnerable,B2ab(iii),3.1,Unknown,Global
224134837,224101709,Syzygium venustum,PLANTAE,TRACHEOPHYTA,MYRTALES,MAGNOLIOPSIDA,MYRTACEAE,Syzygium,venustum,,,,(Roxb.) Wight ex Mason,Endangered,B2ab(iii),3.1,Unknown,Global
224811039,22729465,Spilornis klossi,ANIMALIA,CHORDATA,ACCIPITRIFORMES,AVES,ACCIPITRIDAE,Spilornis,klossi,,,,"Richmond, 1902",Endangered,D,3.1,Unknown,Global
225970391,225970375,Madhuca balakrishnanii,PLANTAE,TRACHEOPHYTA,ERICALES,MAGNOLIOPSIDA,SAPOTACEAE,Madhuca,balakrishnanii,,,,"E.S.S.Kumar, Shailaj. &amp; Shareef",Critically Endangered,A2c; B1ab(iii)+2ab(iii); D,3.1,Decreasing,Global
226499542,226499453,Elaeocarpus weibelii,PLANTAE,TRACHEOPHYTA,OXALIDALES,MAGNOLIOPSIDA,ELAEOCARPACEAE,Elaeocarpus,weibelii,,,,"(Zmarzty) Shareef, S.P.Mathew &amp; Shaju",Endangered,B2ab(iii),3.1,Unknown,Global
226834730,37314,Myristica magnifica,PLANTAE,TRACHEOPHYTA,MAGNOLIALES,MAGNOLIOPSIDA,MYRISTICACEAE,Myristica,magnifica,,,,Bedd.,Vulnerable,A2c,3.1,Decreasing,Global
228009889,228007161,Wrightia indica,PLANTAE,TRACHEOPHYTA,GENTIANALES,MAGNOLIOPSIDA,APOCYNACEAE,Wrightia,indica,,,,Ngan,Critically Endangered,D,3.1,Unknown,Global
228009899,228007388,Croton gibsonianus,PLANTAE,TRACHEOPHYTA,MALPIGHIALES,MAGNOLIOPSIDA,EUPHORBIACEAE,Croton,gibsonianus,,,,Nimmo,Critically Endangered,B1ab(iii)+2ab(iii),3.1,Unknown,Global
230038665,22695494,Accipiter butleri,ANIMALIA,CHORDATA,ACCIPITRIFORMES,AVES,ACCIPITRIDAE,Accipiter,butleri,,,,"(Gurney, 1898)",Vulnerable,"B1ab(ii,iii,iv)+2ab(ii,iii,iv)",3.1,Decreasing,Global
230253271,82031633,Sousa plumbea,ANIMALIA,CHORDATA,ARTIODACTYLA,MAMMALIA,DELPHINIDAE,Sousa,plumbea,,,,"(G. Cuvier, 1829)",Endangered,A2cd+3cd+4cd,3.1,Decreasing,Global
231194805,33007,Dipterocarpus alatus,PLANTAE,TRACHEOPHYTA,MALVALES,MAGNOLIOPSIDA,DIPTEROCARPACEAE,Dipterocarpus,alatus,,,,Roxb. ex G.Don,Vulnerable,A2cd,3.1,Decreasing,Global
234075458,22715856,Pellorneum palustre,ANIMALIA,CHORDATA,PASSERIFORMES,AVES,PELLORNEIDAE,Pellorneum,palustre,,,,"Gould, 1872",Vulnerable,"B1ab(ii,iii,iv,v)+2ab(ii,iii,iv,v)",3.1,Decreasing,Global
239579829,239578615,Strobilanthes kunthiana,PLANTAE,TRACHEOPHYTA,LAMIALES,MAGNOLIOPSIDA,ACANTHACEAE,Strobilanthes,kunthiana,,,,(Nees) T.Anderson ex Benth.,Vulnerable,A2c,3.1,Decreasing,Global
239579834,239578975,Impatiens parasitica,PLANTAE,TRACHEOPHYTA,ERICALES,MAGNOLIOPSIDA,BALSAMINACEAE,Impatiens,parasitica,,,,Bedd.,Vulnerable,A2c,3.1,Decreasing,Global
239579839,239579056,Medinilla anamalaiana,PLANTAE,TRACHEOPHYTA,MYRTALES,MAGNOLIOPSIDA,MELASTOMATACEAE,Medinilla,anamalaiana,,,,Sasidh. &amp; Sujanapal,Endangered,D,3.1,Decreasing,Global
239856209,239855551,Ixora agasthyamalayana,PLANTAE,TRACHEOPHYTA,GENTIANALES,MAGNOLIOPSIDA,RUBIACEAE,Ixora,agasthyamalayana,,,,Sivad. &amp; N.Mohanan,Vulnerable,D2,3.1,Unknown,Global
239905382,239905380,Psychotria nudiflora,PLANTAE,TRACHEOPHYTA,GENTIANALES,MAGNOLIOPSIDA,RUBIACEAE,Psychotria,nudiflora,,,,Wight &amp; Arn.,Vulnerable,B1ab(iii)+2ab(iii),3.1,Unknown,Global
239905392,239905390,Psychotria anamallayana,PLANTAE,TRACHEOPHYTA,GENTIANALES,MAGNOLIOPSIDA,RUBIACEAE,Psychotria,anamallayana,,,,Bedd.,Vulnerable,B1ab(iii)+2ab(iii),3.1,Unknown,Global
239905442,239905440,Nothopegia travancorica,PLANTAE,TRACHEOPHYTA,SAPINDALES,MAGNOLIOPSIDA,ANACARDIACEAE,Nothopegia,travancorica,,,,Bedd. ex Hook.f.,Vulnerable,B2ab(iii),3.1,Unknown,Global
239905602,239905600,Ficus cupulata,PLANTAE,TRACHEOPHYTA,ROSALES,MAGNOLIOPSIDA,MORACEAE,Ficus,cupulata,,,,Haines,Endangered,B1ab(iii)+2ab(iii),3.1,Decreasing,Global
239905632,239905630,Ehretia wightiana,PLANTAE,TRACHEOPHYTA,BORAGINALES,MAGNOLIOPSIDA,EHRETIACEAE,Ehretia,wightiana,,,,Wall. ex G.Don,Vulnerable,B2ab(iii),3.1,Unknown,Global
239906078,239906076,Psychotria connata,PLANTAE,TRACHEOPHYTA,GENTIANALES,MAGNOLIOPSIDA,RUBIACEAE,Psychotria,connata,,,,Wall.,Vulnerable,B1ab(iii)+2ab(iii),3.1,Unknown,Global
241500854,22681585,Mulleripicus pulverulentus,ANIMALIA,CHORDATA,PICIFORMES,AVES,PICIDAE,Mulleripicus,pulverulentus,,,,"(Temminck, 1826)",Vulnerable,A2cd+3cd+4cd,3.1,Decreasing,Global
242530926,242376348,Dipcadi saxorum,PLANTAE,TRACHEOPHYTA,ASPARAGALES,LILIOPSIDA,ASPARAGACEAE,Dipcadi,saxorum,,,,Blatt.,Endangered,"B2ab(iii,v)",3.1,Decreasing,Global
244637841,22680064,Asarcornis scutulata,ANIMALIA,CHORDATA,ANSERIFORMES,AVES,ANATIDAE,Asarcornis,scutulata,,,,"(S. Müller, 1842)",Critically Endangered,A2bcde+3bcde+4bcde; C1+2a(i),3.1,Decreasing,Global
247298014,247297998,Coleus idukkianus,PLANTAE,TRACHEOPHYTA,LAMIALES,MAGNOLIOPSIDA,LAMIACEAE,Coleus,idukkianus,,,,"(J.Mathew, Yohannan &amp; B.J.Conn) Smitha",Endangered,B1ab(iii)+2ab(iii),3.1,Unknown,Global
247654386,4615,Chelonia mydas,ANIMALIA,CHORDATA,TESTUDINES,REPTILIA,CHELONIIDAE,Chelonia,mydas,,,,"(Linnaeus, 1758)",Endangered,A2bd,3.1,Decreasing,Global
249695988,103874145,Montecincla jerdoni,ANIMALIA,CHORDATA,PASSERIFORMES,AVES,LEIOTRICHIDAE,Montecincla,jerdoni,,,,"(Blyth, 1851)",Endangered,B1ab(iii)+2ab(iii),3.1,Decreasing,Global
249819859,103874754,Montecincla meridionalis,ANIMALIA,CHORDATA,PASSERIFORMES,AVES,LEIOTRICHIDAE,Montecincla,meridionalis,,,,"(Blanford, 1880)",Vulnerable,B1ab(iii)+2ab(iii),3.1,Decreasing,Global
250442182,22716795,Paradoxornis flavirostris,ANIMALIA,CHORDATA,PASSERIFORMES,AVES,PARADOXORNITHIDAE,Paradoxornis,flavirostris,,,,"Gould, 1836",Vulnerable,"B2ab(ii,iii,iv,v); C2a(i)",3.1,Decreasing,Global
250900824,22716358,Argya longirostris,ANIMALIA,CHORDATA,PASSERIFORMES,AVES,LEIOTRICHIDAE,Argya,longirostris,,,,"(Moore, 1854)",Vulnerable,B2ab(iii),3.1,Decreasing,Global
253660338,22734628,Liocichla bugunorum,ANIMALIA,CHORDATA,PASSERIFORMES,AVES,LEIOTRICHIDAE,Liocichla,bugunorum,,,,"Athreya, 2006",Critically Endangered,D,3.1,Unknown,Global
254095929,254095810,Ceropegia evansii,PLANTAE,TRACHEOPHYTA,GENTIANALES,MAGNOLIOPSIDA,APOCYNACEAE,Ceropegia,evansii,,,,McCann,Endangered,"B2ab(iii,v); C2a(i); D",3.1,Decreasing,Global
254095961,254095865,Ceropegia mohanramii,PLANTAE,TRACHEOPHYTA,GENTIANALES,MAGNOLIOPSIDA,APOCYNACEAE,Ceropegia,mohanramii,,,,"S.R.Yadav, M.N.Gavade &amp; Sardesai",Critically Endangered,"B1ab(i,ii,iii,v)+2ab(i,ii,iii,v); C2a(i,ii); D",3.1,Decreasing,Global
254375039,22693749,Pluvialis squatarola,ANIMALIA,CHORDATA,CHARADRIIFORMES,AVES,CHARADRIIDAE,Pluvialis,squatarola,,,,"(Linnaeus, 1758)",Vulnerable,A2bcd+4bcd,3.1,Decreasing,Global
254475508,254475077,Ochradenus lakhpatensis,PLANTAE,TRACHEOPHYTA,BRASSICALES,MAGNOLIOPSIDA,RESEDACEAE,Ochradenus,lakhpatensis,,,,R.M.Patel &amp; Prajapati,Endangered,B1ab(iii)+2ab(iii),3.1,Decreasing,Global
254576956,15954,Panthera pardus,ANIMALIA,CHORDATA,CARNIVORA,MAMMALIA,FELIDAE,Panthera,pardus,,,,"(Linnaeus, 1758)",Vulnerable,A2cd,3.1,Decreasing,Global
256354281,22693447,Calidris subruficollis,ANIMALIA,CHORDATA,CHARADRIIFORMES,AVES,SCOLOPACIDAE,Calidris,subruficollis,,,,"(Vieillot, 1819)",Vulnerable,A2bc+4bc,3.1,Decreasing,Global
256426742,2888,Bos javanicus,ANIMALIA,CHORDATA,ARTIODACTYLA,MAMMALIA,BOVIDAE,Bos,javanicus,,,,"d'Alton, 1823",Critically Endangered,A2abcd+4cd,3.1,Decreasing,Global
257323525,22693464,Calidris falcinellus,ANIMALIA,CHORDATA,CHARADRIIFORMES,AVES,SCOLOPACIDAE,Calidris,falcinellus,,,,"(Pontoppidan, 1763)",Vulnerable,A2bc+4bc,3.1,Decreasing,Global
258108195,22685513,Belocercus longicaudus,ANIMALIA,CHORDATA,PSITTACIFORMES,AVES,PSITTACIDAE,Belocercus,longicaudus,,,,"(Boddaert, 1783)",Vulnerable,A2cd+3cd+4cd,3.1,Decreasing,Global
259025524,219,Acinonyx jubatus,ANIMALIA,CHORDATA,CARNIVORA,MAMMALIA,FELIDAE,Acinonyx,jubatus,,,,"(Schreber, 1775)",Vulnerable,A4b; C1,3.1,Decreasing,Global
259343689,70205537,Arctonyx collaris,ANIMALIA,CHORDATA,CARNIVORA,MAMMALIA,MUSTELIDAE,Arctonyx,collaris,,,,"F.G. Cuvier, 1825",Vulnerable,A2cd+3cd+4cd,3.1,Decreasing,Global
259357017,22037,Trachypithecus geei,ANIMALIA,CHORDATA,PRIMATES,MAMMALIA,CERCOPITHECIDAE,Trachypithecus,geei,,,,"Khajuria, 1956",Endangered,A2ac+4ac,3.1,Decreasing,Global
259357527,22041,Trachypithecus pileatus,ANIMALIA,CHORDATA,PRIMATES,MAMMALIA,CERCOPITHECIDAE,Trachypithecus,pileatus,,,,"(Blyth, 1843)",Vulnerable,A2ac+3c,3.1,Decreasing,Global
261429932,30864,Diospyros crumenata,PLANTAE,TRACHEOPHYTA,ERICALES,MAGNOLIOPSIDA,EBENACEAE,Diospyros,crumenata,,,,Thwaites,Critically Endangered,C2a(i),3.1,Decreasing,Global
266696959,15951,Panthera leo,ANIMALIA,CHORDATA,CARNIVORA,MAMMALIA,FELIDAE,Panthera,leo,,,,"(Linnaeus, 1758)",Vulnerable,A2abcd,3.1,Decreasing,Global
266877470,242376417,Dipcadi ursulae,PLANTAE,TRACHEOPHYTA,ASPARAGALES,LILIOPSIDA,ASPARAGACEAE,Dipcadi,ursulae,,,,Blatt.,Endangered,"B2ab(iii,v)",3.1,Decreasing,Global
