internalTaxonId,scientificName,redlistCategory,redlistCriteria,kingdomName,phylumName,className,orderName,familyName,genusName,speciesEpithet,doi,populationTrend,hasImage
175221,Syzygium rama-varmae,Endangered,"B1ab(iii,v)+2ab(iii,v); C2a(i)",PLANTAE,TRACHEOPHYTA,MAGNOLIOPSIDA,MYRTALES,MYRTACEAE,Syzygium,rama-varmae,https://dx.doi.org/10.2305/IUCN.UK.2023-1.RLTS.T175221A1419729.en,Decreasing,False
186162,Raorchestes jayarami,Endangered,"B1ab(iii,v)",ANIMALIA,CHORDATA,AMPHIBIA,ANURA,RHACOPHORIDAE,Raorchestes,jayarami,https://dx.doi.org/10.2305/IUCN.UK.2023-1.RLTS.T186162A1810810.en,Decreasing,False
48886608,Minervarya sengupti,Endangered,B1ab(iii),ANIMALIA,CHORDATA,AMPHIBIA,ANURA,DICROGLOSSIDAE,Minervarya,sengupti,https://dx.doi.org/10.2305/IUCN.UK.2023-1.RLTS.T48886608A48886614.en,Decreasing,True
48874314,Nyctibatrachus deveni,Endangered,B1ab(iii),ANIMALIA,CHORDATA,AMPHIBIA,ANURA,NYCTIBATRACHIDAE,Nyctibatrachus,deveni,https://dx.doi.org/10.2305/IUCN.UK.2023-1.RLTS.T48874314A48899453.en,Decreasing,True
48874474,Nyctibatrachus acanthodermis,Endangered,B1ab(iii),ANIMALIA,CHORDATA,AMPHIBIA,ANURA,NYCTIBATRACHIDAE,Nyctibatrachus,acanthodermis,https://dx.doi.org/10.2305/IUCN.UK.2023-1.RLTS.T48874474A54035787.en,Decreasing,False
48874286,Nyctibatrachus gavi,Vulnerable,B1ab(iii),ANIMALIA,CHORDATA,AMPHIBIA,ANURA,NYCTIBATRACHIDAE,Nyctibatrachus,gavi,https://dx.doi.org/10.2305/IUCN.UK.2023-1.RLTS.T48874286A54149121.en,Decreasing,True
48874266,Nyctibatrachus grandis,Endangered,B1ab(iii),ANIMALIA,CHORDATA,AMPHIBIA,ANURA,NYCTIBATRACHIDAE,Nyctibatrachus,grandis,https://dx.doi.org/10.2305/IUCN.UK.2023-1.RLTS.T48874266A54149239.en,Decreasing,True
48874250,Nyctibatrachus indraneili,Critically Endangered,B1ab(iii),ANIMALIA,CHORDATA,AMPHIBIA,ANURA,NYCTIBATRACHIDAE,Nyctibatrachus,indraneili,https://dx.doi.org/10.2305/IUCN.UK.2023-1.RLTS.T48874250A54149411.en,Decreasing,True
48874225,Nyctibatrachus jog,Vulnerable,B1ab(iii),ANIMALIA,CHORDATA,AMPHIBIA,ANURA,NYCTIBATRACHIDAE,Nyctibatrachus,jog,https://dx.doi.org/10.2305/IUCN.UK.2023-1.RLTS.T48874225A54149566.en,Decreasing,True
48874189,Nyctibatrachus pillaii,Endangered,B1ab(iii),ANIMALIA,CHORDATA,AMPHIBIA,ANURA,NYCTIBATRACHIDAE,Nyctibatrachus,pillaii,https://dx.doi.org/10.2305/IUCN.UK.2023-1.RLTS.T48874189A54149735.en,Decreasing,True
48874217,Nyctibatrachus periyar,Endangered,B1ab(iii),ANIMALIA,CHORDATA,AMPHIBIA,ANURA,NYCTIBATRACHIDAE,Nyctibatrachus,periyar,https://dx.doi.org/10.2305/IUCN.UK.2023-1.RLTS.T48874217A54149741.en,Decreasing,False
48873111,Nyctibatrachus vrijeuni,Vulnerable,B1ab(iii),ANIMALIA,CHORDATA,AMPHIBIA,ANURA,NYCTIBATRACHIDAE,Nyctibatrachus,vrijeuni,https://dx.doi.org/10.2305/IUCN.UK.2023-1.RLTS.T48873111A54459738.en,Decreasing,True
48872923,Megophrys megacephala,Endangered,"B1ab(iii,v)",ANIMALIA,CHORDATA,AMPHIBIA,ANURA,MEGOPHRYIDAE,Megophrys,megacephala,https://dx.doi.org/10.2305/IUCN.UK.2023-1.RLTS.T48872923A56110474.en,Decreasing,True
61780183,Lagerstroemia hypoleuca,Endangered,B1ab(iii)+2ab(iii),PLANTAE,TRACHEOPHYTA,MAGNOLIOPSIDA,MYRTALES,LYTHRACEAE,Lagerstroemia,hypoleuca,https://dx.doi.org/10.2305/IUCN.UK.2024-2.RLTS.T61780183A61780186.en,Unknown,True
61985348,Podophyllum hexandrum,Endangered,A2bd+3cd+4cd,PLANTAE,TRACHEOPHYTA,MAGNOLIOPSIDA,RANUNCULALES,BERBERIDACEAE,Podophyllum,hexandrum,https://dx.doi.org/10.2305/IUCN.UK.2024-1.RLTS.T61985348A61985350.en,Decreasing,True
61987623,Canarium euphyllum,Vulnerable,B2ab(iii),PLANTAE,TRACHEOPHYTA,MAGNOLIOPSIDA,SAPINDALES,BURSERACEAE,Canarium,euphyllum,https://dx.doi.org/10.2305/IUCN.UK.2024-1.RLTS.T61987623A61987625.en,Unknown,True
61987931,Mesua ferrea,Vulnerable,A2cd,PLANTAE,TRACHEOPHYTA,MAGNOLIOPSIDA,MALPIGHIALES,CALOPHYLLACEAE,Mesua,ferrea,https://dx.doi.org/10.2305/IUCN.UK.2024-2.RLTS.T61987931A61987933.en,Decreasing,True
177756483,Phoebe bootanica,Endangered,B2ab(iii),PLANTAE,TRACHEOPHYTA,MAGNOLIOPSIDA,LAURALES,LAURACEAE,Phoebe,bootanica,https://dx.doi.org/10.2305/IUCN.UK.2023-1.RLTS.T177756483A62020480.en,Unknown,True
62038695,Citrus indica,Vulnerable,D1,PLANTAE,TRACHEOPHYTA,MAGNOLIOPSIDA,SAPINDALES,RUTACEAE,Citrus,indica,https://dx.doi.org/10.2305/IUCN.UK.2024-2.RLTS.T62038695A62038698.en,Decreasing,False
208598052,Amolops monticola,Endangered,"B1ab(iii,v)",ANIMALIA,CHORDATA,AMPHIBIA,ANURA,RANIDAE,Amolops,monticola,https://dx.doi.org/10.2305/IUCN.UK.2023-1.RLTS.T208598052A63853189.en,Decreasing,True
73786986,Raorchestes aureus,Critically Endangered,B1ab(iii),ANIMALIA,CHORDATA,AMPHIBIA,ANURA,RHACOPHORIDAE,Raorchestes,aureus,https://dx.doi.org/10.2305/IUCN.UK.2023-1.RLTS.T73786986A73787000.en,Decreasing,True
73787038,Raorchestes blandus,Endangered,B1ab(iii),ANIMALIA,CHORDATA,AMPHIBIA,ANURA,RHACOPHORIDAE,Raorchestes,blandus,https://dx.doi.org/10.2305/IUCN.UK.2023-1.RLTS.T73787038A73787322.en,Decreasing,True
73787369,Raorchestes echinatus,Vulnerable,D2,ANIMALIA,CHORDATA,AMPHIBIA,ANURA,RHACOPHORIDAE,Raorchestes,echinatus,https://dx.doi.org/10.2305/IUCN.UK.2023-1.RLTS.T73787369A73787384.en,Unknown,True
73788607,Hylarana flavescens,Vulnerable,B1ab(iii),ANIMALIA,CHORDATA,AMPHIBIA,ANURA,RANIDAE,Hylarana,flavescens,https://dx.doi.org/10.2305/IUCN.UK.2023-1.RLTS.T73788607A73788625.en,Decreasing,False
73788764,Hylarana urbis,Vulnerable,B1ab(iii),ANIMALIA,CHORDATA,AMPHIBIA,ANURA,RANIDAE,Hylarana,urbis,https://dx.doi.org/10.2305/IUCN.UK.2023-1.RLTS.T73788764A73788770.en,Decreasing,False
73788782,Hylarana caesari,Vulnerable,B1ab(iii),ANIMALIA,CHORDATA,AMPHIBIA,ANURA,RANIDAE,Hylarana,caesari,https://dx.doi.org/10.2305/IUCN.UK.2023-1.RLTS.T73788782A73788787.en,Decreasing,True
73788833,Hylarana magna,Vulnerable,B1ab(iii),ANIMALIA,CHORDATA,AMPHIBIA,ANURA,RANIDAE,Hylarana,magna,https://dx.doi.org/10.2305/IUCN.UK.2023-1.RLTS.T73788833A73788842.en,Decreasing,True
73959431,Micrixalus kurichiyari,Endangered,B1ab(iii),ANIMALIA,CHORDATA,AMPHIBIA,ANURA,MICRIXALIDAE,Micrixalus,kurichiyari,https://dx.doi.org/10.2305/IUCN.UK.2023-1.RLTS.T73959431A73959496.en,Decreasing,True
73960020,Micrixalus niluvasei,Endangered,B1ab(iii),ANIMALIA,CHORDATA,AMPHIBIA,ANURA,MICRIXALIDAE,Micrixalus,niluvasei,https://dx.doi.org/10.2305/IUCN.UK.2023-1.RLTS.T73960020A73960024.en,Decreasing,False
73960040,Micrixalus sairandhri,Endangered,B1ab(iii),ANIMALIA,CHORDATA,AMPHIBIA,ANURA,MICRIXALIDAE,Micrixalus,sairandhri,https://dx.doi.org/10.2305/IUCN.UK.2023-1.RLTS.T73960040A73960044.en,Decreasing,True
73961281,Micrixalus spelunca,Critically Endangered,B1ab(iii),ANIMALIA,CHORDATA,AMPHIBIA,ANURA,MICRIXALIDAE,Micrixalus,spelunca,https://dx.doi.org/10.2305/IUCN.UK.2023-1.RLTS.T73961281A73962058.en,Decreasing,True
73963691,Micrixalus uttaraghati,Endangered,B1ab(iii),ANIMALIA,CHORDATA,AMPHIBIA,ANURA,MICRIXALIDAE,Micrixalus,uttaraghati,https://dx.doi.org/10.2305/IUCN.UK.2023-1.RLTS.T73963691A73963701.en,Decreasing,False
73964539,Micrixalus adonis,Endangered,B1ab(iii),ANIMALIA,CHORDATA,AMPHIBIA,ANURA,MICRIXALIDAE,Micrixalus,adonis,https://dx.doi.org/10.2305/IUCN.UK.2023-1.RLTS.T73964539A73964543.en,Decreasing,True
73965400,Micrixalus mallani,Endangered,B1ab(iii),ANIMALIA,CHORDATA,AMPHIBIA,ANURA,MICRIXALIDAE,Micrixalus,mallani,https://dx.doi.org/10.2305/IUCN.UK.2023-1.RLTS.T73965400A73965406.en,Decreasing,True
73965533,Micrixalus nudis,Endangered,B1ab(iii),ANIMALIA,CHORDATA,AMPHIBIA,ANURA,MICRIXALIDAE,Micrixalus,nudis,https://dx.doi.org/10.2305/IUCN.UK.2023-1.RLTS.T73965533A73965523.en,Decreasing,False
73967847,Micrixalus sali,Endangered,B1ab(iii),ANIMALIA,CHORDATA,AMPHIBIA,ANURA,MICRIXALIDAE,Micrixalus,sali,https://dx.doi.org/10.2305/IUCN.UK.2023-1.RLTS.T73967847A73967869.en,Decreasing,False
73967876,Micrixalus frigidus,Endangered,B1ab(iii),ANIMALIA,CHORDATA,AMPHIBIA,ANURA,MICRIXALIDAE,Micrixalus,frigidus,https://dx.doi.org/10.2305/IUCN.UK.2023-1.RLTS.T73967876A73967908.en,Decreasing,True
73967915,Micrixalus nigraventris,Endangered,B1ab(iii),ANIMALIA,CHORDATA,AMPHIBIA,ANURA,MICRIXALIDAE,Micrixalus,nigraventris,https://dx.doi.org/10.2305/IUCN.UK.2023-1.RLTS.T73967915A73967921.en,Decreasing,False
73971314,Micrixalus specca,Critically Endangered,B1ab(iii),ANIMALIA,CHORDATA,AMPHIBIA,ANURA,MICRIXALIDAE,Micrixalus,specca,https://dx.doi.org/10.2305/IUCN.UK.2023-1.RLTS.T73971314A73971896.en,Decreasing,True
73972049,Micrixalus fuscus,Endangered,B1ab(iii),ANIMALIA,CHORDATA,AMPHIBIA,ANURA,MICRIXALIDAE,Micrixalus,fuscus,https://dx.doi.org/10.2305/IUCN.UK.2023-1.RLTS.T73972049A73971902.en,Decreasing,True
73972645,Micrixalus herrei,Endangered,B1ab(iii),ANIMALIA,CHORDATA,AMPHIBIA,ANURA,MICRIXALIDAE,Micrixalus,herrei,https://dx.doi.org/10.2305/IUCN.UK.2023-1.RLTS.T73972645A73972656.en,Decreasing,True
191004,Minervarya chilapata,Vulnerable,B1ab(iii),ANIMALIA,CHORDATA,AMPHIBIA,ANURA,DICROGLOSSIDAE,Minervarya,chilapata,https://dx.doi.org/10.2305/IUCN.UK.2023-1.RLTS.T191004A86896338.en,Decreasing,False
189814,Raorchestes resplendens,Endangered,B1ab(iii),ANIMALIA,CHORDATA,AMPHIBIA,ANURA,RHACOPHORIDAE,Raorchestes,resplendens,https://dx.doi.org/10.2305/IUCN.UK.2023-1.RLTS.T189814A86897335.en,Decreasing,True
87739329,Raorchestes flaviventris,Vulnerable,B1ab(iii),ANIMALIA,CHORDATA,AMPHIBIA,ANURA,RHACOPHORIDAE,Raorchestes,flaviventris,https://dx.doi.org/10.2305/IUCN.UK.2023-1.RLTS.T87739329A87721492.en,Decreasing,True
87739247,Ghatixalus magnus,Vulnerable,B1ab(iii),ANIMALIA,CHORDATA,AMPHIBIA,ANURA,RHACOPHORIDAE,Ghatixalus,magnus,https://dx.doi.org/10.2305/IUCN.UK.2023-1.RLTS.T87739247A87739274.en,Decreasing,True
112690948,Nyctibatrachus athirappillyensis,Endangered,B1ab(iii),ANIMALIA,CHORDATA,AMPHIBIA,ANURA,NYCTIBATRACHIDAE,Nyctibatrachus,athirappillyensis,https://dx.doi.org/10.2305/IUCN.UK.2023-1.RLTS.T112690948A112691249.en,Decreasing,False
112691330,Nyctibatrachus pulivijayani,Endangered,B1ab(iii),ANIMALIA,CHORDATA,AMPHIBIA,ANURA,NYCTIBATRACHIDAE,Nyctibatrachus,pulivijayani,https://dx.doi.org/10.2305/IUCN.UK.2023-1.RLTS.T112691330A112691361.en,Decreasing,True
112691501,Nyctibatrachus sabarimalai,Endangered,B1ab(iii),ANIMALIA,CHORDATA,AMPHIBIA,ANURA,NYCTIBATRACHIDAE,Nyctibatrachus,sabarimalai,https://dx.doi.org/10.2305/IUCN.UK.2023-1.RLTS.T112691501A112691514.en,Decreasing,False
112691545,Nyctibatrachus webilla,Endangered,B1ab(iii),ANIMALIA,CHORDATA,AMPHIBIA,ANURA,NYCTIBATRACHIDAE,Nyctibatrachus,webilla,https://dx.doi.org/10.2305/IUCN.UK.2023-1.RLTS.T112691545A112691564.en,Decreasing,False
253632034,Syzygium stocksii,Vulnerable,A2c,PLANTAE,TRACHEOPHYTA,MAGNOLIOPSIDA,MYRTALES,MYRTACEAE,Syzygium,stocksii,https://dx.doi.org/10.2305/IUCN.UK.2024-1.RLTS.T253632034A115932401.en,Increasing,True
31219,Myristica malabarica,Vulnerable,A2c,PLANTAE,TRACHEOPHYTA,MAGNOLIOPSIDA,MAGNOLIALES,MYRISTICACEAE,Myristica,malabarica,https://dx.doi.org/10.2305/IUCN.UK.2024-2.RLTS.T31219A115932548.en,Decreasing,True
36652,Aglaia malabarica,Endangered,"B1ab(ii,iii)+2ab(ii,iii)",PLANTAE,TRACHEOPHYTA,MAGNOLIOPSIDA,SAPINDALES,MELIACEAE,Aglaia,malabarica,https://dx.doi.org/10.2305/IUCN.UK.2023-1.RLTS.T36652A115932944.en,Decreasing,False
33642,Elaeocarpus recurvatus,Endangered,A2c,PLANTAE,TRACHEOPHYTA,MAGNOLIOPSIDA,OXALIDALES,ELAEOCARPACEAE,Elaeocarpus,recurvatus,https://dx.doi.org/10.2305/IUCN.UK.2024-1.RLTS.T33642A117645817.en,Decreasing,True
117894243,Canarium strictum,Endangered,A2cd,PLANTAE,TRACHEOPHYTA,MAGNOLIOPSIDA,SAPINDALES,BURSERACEAE,Canarium,strictum,https://dx.doi.org/10.2305/IUCN.UK.2024-2.RLTS.T117894243A117894247.en,Decreasing,False
31199,Syzygium occidentale,Endangered,"A2c+4c; B2ab(i,ii,iii,iv,v)",PLANTAE,TRACHEOPHYTA,MAGNOLIOPSIDA,MYRTALES,MYRTACEAE,Syzygium,occidentale,https://dx.doi.org/10.2305/IUCN.UK.2023-1.RLTS.T31199A119040796.en,Decreasing,True
38821,Syzygium parameswaranii,Endangered,"B1ab(iii,v)+2ab(iii,v); C2a(i)",PLANTAE,TRACHEOPHYTA,MAGNOLIOPSIDA,MYRTALES,MYRTACEAE,Syzygium,parameswaranii,https://dx.doi.org/10.2305/IUCN.UK.2023-1.RLTS.T38821A119040966.en,Decreasing,True
31170,Vateria macrocarpa,Critically Endangered,"B1ab(iii,v)",PLANTAE,TRACHEOPHYTA,MAGNOLIOPSIDA,MALVALES,DIPTEROCARPACEAE,Vateria,macrocarpa,https://dx.doi.org/10.2305/IUCN.UK.2023-1.RLTS.T31170A119044958.en,Decreasing,True
119048736,Viburnum hebanthum,Endangered,B1ab(iii)+2ab(iii),PLANTAE,TRACHEOPHYTA,MAGNOLIOPSIDA,DIPSACALES,VIBURNACEAE,Viburnum,hebanthum,https://dx.doi.org/10.2305/IUCN.UK.2024-2.RLTS.T119048736A119048739.en,Unknown,False
119243084,Indirana paramakri,Endangered,B1ab(iii),ANIMALIA,CHORDATA,AMPHIBIA,ANURA,RANIXALIDAE,Indirana,paramakri,https://dx.doi.org/10.2305/IUCN.UK.2023-1.RLTS.T119243084A119243088.en,Decreasing,True
119243159,Indirana tysoni,Vulnerable,B1ab(iii),ANIMALIA,CHORDATA,AMPHIBIA,ANURA,RANIXALIDAE,Indirana,tysoni,https://dx.doi.org/10.2305/IUCN.UK.2023-1.RLTS.T119243159A119243164.en,Decreasing,True
119243173,Indirana yadera,Vulnerable,B1ab(iii),ANIMALIA,CHORDATA,AMPHIBIA,ANURA,RANIXALIDAE,Indirana,yadera,https://dx.doi.org/10.2305/IUCN.UK.2023-1.RLTS.T119243173A119243178.en,Decreasing,True
129335824,Palaquium polyanthum,Endangered,B1ab(iii)+2ab(iii),PLANTAE,TRACHEOPHYTA,MAGNOLIOPSIDA,ERICALES,SAPOTACEAE,Palaquium,polyanthum,https://dx.doi.org/10.2305/IUCN.UK.2024-1.RLTS.T129335824A129336875.en,Unknown,True
31220,Actinodaphne bourneae,Vulnerable,B1ab(iii)+2ab(iii),PLANTAE,TRACHEOPHYTA,MAGNOLIOPSIDA,LAURALES,LAURACEAE,Actinodaphne,bourneae,https://dx.doi.org/10.2305/IUCN.UK.2023-1.RLTS.T31220A138500009.en,Unknown,True
33497,Litsea leiantha,Endangered,B2ab(iii),PLANTAE,TRACHEOPHYTA,MAGNOLIOPSIDA,LAURALES,LAURACEAE,Litsea,leiantha,https://dx.doi.org/10.2305/IUCN.UK.2023-1.RLTS.T33497A138502123.en,Unknown,False
62565,Actinodaphne campanulata,Vulnerable,B1ab(iii)+2ab(iii),PLANTAE,TRACHEOPHYTA,MAGNOLIOPSIDA,LAURALES,LAURACEAE,Actinodaphne,campanulata,https://dx.doi.org/10.2305/IUCN.UK.2023-1.RLTS.T62565A138508872.en,Unknown,False
144052276,Beilschmiedia aborensis,Critically Endangered,B2ab(iii),PLANTAE,TRACHEOPHYTA,MAGNOLIOPSIDA,LAURALES,LAURACEAE,Beilschmiedia,aborensis,https://dx.doi.org/10.2305/IUCN.UK.2023-1.RLTS.T144052276A145297168.en,Unknown,False
144053300,Beilschmiedia andamanensis,Vulnerable,D2,PLANTAE,TRACHEOPHYTA,MAGNOLIOPSIDA,LAURALES,LAURACEAE,Beilschmiedia,andamanensis,https://dx.doi.org/10.2305/IUCN.UK.2023-1.RLTS.T144053300A145297198.en,Unknown,False
144056383,Beilschmiedia brandisii,Critically Endangered,B2ab(iii),PLANTAE,TRACHEOPHYTA,MAGNOLIOPSIDA,LAURALES,LAURACEAE,Beilschmiedia,brandisii,https://dx.doi.org/10.2305/IUCN.UK.2023-1.RLTS.T144056383A145297273.en,Unknown,False
145290519,Beilschmiedia sikkimensis,Endangered,B2ab(iii),PLANTAE,TRACHEOPHYTA,MAGNOLIOPSIDA,LAURALES,LAURACEAE,Beilschmiedia,sikkimensis,https://dx.doi.org/10.2305/IUCN.UK.2023-1.RLTS.T145290519A145297963.en,Unknown,False
145301615,Cinnamomum bhaskarii,Critically Endangered,B2ab(iii),PLANTAE,TRACHEOPHYTA,MAGNOLIOPSIDA,LAURALES,LAURACEAE,Cinnamomum,bhaskarii,https://dx.doi.org/10.2305/IUCN.UK.2023-1.RLTS.T145301615A145415813.en,Unknown,False
145301728,Cinnamomum bishnupadae,Endangered,B2ab(iii),PLANTAE,TRACHEOPHYTA,MAGNOLIOPSIDA,LAURALES,LAURACEAE,Cinnamomum,bishnupadae,https://dx.doi.org/10.2305/IUCN.UK.2023-1.RLTS.T145301728A145415823.en,Unknown,False
145301965,Cinnamomum blandfordii,Endangered,B2ab(iii),PLANTAE,TRACHEOPHYTA,MAGNOLIOPSIDA,LAURALES,LAURACEAE,Cinnamomum,blandfordii,https://dx.doi.org/10.2305/IUCN.UK.2023-1.RLTS.T145301965A145415833.en,Unknown,False
145310645,Cinnamomum kingdon-wardii,Critically Endangered,B2ab(iii),PLANTAE,TRACHEOPHYTA,MAGNOLIOPSIDA,LAURALES,LAURACEAE,Cinnamomum,kingdon-wardii,https://dx.doi.org/10.2305/IUCN.UK.2023-1.RLTS.T145310645A145416111.en,Unknown,False
145311979,Cinnamomum lohitensis,Critically Endangered,B2ab(iii),PLANTAE,TRACHEOPHYTA,MAGNOLIOPSIDA,LAURALES,LAURACEAE,Cinnamomum,lohitensis,https://dx.doi.org/10.2305/IUCN.UK.2023-1.RLTS.T145311979A145416166.en,Unknown,False
145344026,Cinnamomum sanjappae,Vulnerable,D2,PLANTAE,TRACHEOPHYTA,MAGNOLIOPSIDA,LAURALES,LAURACEAE,Cinnamomum,sanjappae,https://dx.doi.org/10.2305/IUCN.UK.2023-1.RLTS.T145344026A145416471.en,Unknown,False
145404323,Cinnamomum suvrae,Endangered,B2ab(iii),PLANTAE,TRACHEOPHYTA,MAGNOLIOPSIDA,LAURALES,LAURACEAE,Cinnamomum,suvrae,https://dx.doi.org/10.2305/IUCN.UK.2023-1.RLTS.T145404323A145416576.en,Unknown,False
37611,Euphorbia vajravelui,Endangered,B1ab(iii)+2ab(iii); D,PLANTAE,TRACHEOPHYTA,MAGNOLIOPSIDA,MALPIGHIALES,EUPHORBIACEAE,Euphorbia,vajravelui,https://dx.doi.org/10.2305/IUCN.UK.2023-1.RLTS.T37611A147294060.en,Decreasing,False
149680126,Mysticellus franki,Critically Endangered,B1ab(iii),ANIMALIA,CHORDATA,AMPHIBIA,ANURA,MICROHYLIDAE,Mysticellus,franki,https://dx.doi.org/10.2305/IUCN.UK.2023-1.RLTS.T149680126A149680186.en,Decreasing,True
149682598,Leptobrachella lateralis,Critically Endangered,B1ab(iii),ANIMALIA,CHORDATA,AMPHIBIA,ANURA,MEGOPHRYIDAE,Leptobrachella,lateralis,https://dx.doi.org/10.2305/IUCN.UK.2023-1.RLTS.T149682598A149682627.en,Decreasing,True
31200,Syzygium palghatense,Critically Endangered,B1ab(iii)+2ab(iii); D,PLANTAE,TRACHEOPHYTA,MAGNOLIOPSIDA,MYRTALES,MYRTACEAE,Syzygium,palghatense,https://dx.doi.org/10.2305/IUCN.UK.2023-1.RLTS.T31200A149812631.en,Unknown,True
32866,Syzygium bourdillonii,Endangered,"A2c; B2ab(i,ii,iii,iv,v); C2a(i)",PLANTAE,TRACHEOPHYTA,MAGNOLIOPSIDA,MYRTALES,MYRTACEAE,Syzygium,bourdillonii,https://dx.doi.org/10.2305/IUCN.UK.2023-1.RLTS.T32866A149813923.en,Decreasing,True
150087536,Megophrys flavipunctata,Endangered,"B1ab(iii,v)",ANIMALIA,CHORDATA,AMPHIBIA,ANURA,MEGOPHRYIDAE,Megophrys,flavipunctata,https://dx.doi.org/10.2305/IUCN.UK.2023-1.RLTS.T150087536A150087543.en,Decreasing,True
150087712,Megophrys himalayana,Endangered,"B1ab(iii,v)",ANIMALIA,CHORDATA,AMPHIBIA,ANURA,MEGOPHRYIDAE,Megophrys,himalayana,https://dx.doi.org/10.2305/IUCN.UK.2023-1.RLTS.T150087712A150087783.en,Decreasing,True
150087877,Megophrys oreocrypta,Critically Endangered,B1ab(iii),ANIMALIA,CHORDATA,AMPHIBIA,ANURA,MEGOPHRYIDAE,Megophrys,oreocrypta,https://dx.doi.org/10.2305/IUCN.UK.2023-1.RLTS.T150087877A150087885.en,Decreasing,True
150087897,Megophrys periosa,Endangered,B1ab(iii),ANIMALIA,CHORDATA,AMPHIBIA,ANURA,MEGOPHRYIDAE,Megophrys,periosa,https://dx.doi.org/10.2305/IUCN.UK.2023-1.RLTS.T150087897A150087902.en,Decreasing,False
150088659,Microhyla laterite,Endangered,B1ab(iii),ANIMALIA,CHORDATA,AMPHIBIA,ANURA,MICROHYLIDAE,Microhyla,laterite,https://dx.doi.org/10.2305/IUCN.UK.2023-1.RLTS.T150088659A150088664.en,Decreasing,True
150213910,Alseodaphne owdenii,Vulnerable,B2ab(iii),PLANTAE,TRACHEOPHYTA,MAGNOLIOPSIDA,LAURALES,LAURACEAE,Alseodaphne,owdenii,https://dx.doi.org/10.2305/IUCN.UK.2024-2.RLTS.T150213910A150219899.en,Unknown,False
150215092,Lindera melastomacea,Vulnerable,B2ab(iii),PLANTAE,TRACHEOPHYTA,MAGNOLIOPSIDA,LAURALES,LAURACEAE,Lindera,melastomacea,https://dx.doi.org/10.2305/IUCN.UK.2024-2.RLTS.T150215092A150219924.en,Unknown,False
152958245,Litsea membranifolia,Endangered,B2ab(iii),PLANTAE,TRACHEOPHYTA,MAGNOLIOPSIDA,LAURALES,LAURACEAE,Litsea,membranifolia,https://dx.doi.org/10.2305/IUCN.UK.2023-1.RLTS.T152958245A153622583.en,Unknown,False
153112765,Litsea coelestis,Vulnerable,"B1ab(i,ii,iii,iv)+2ab(i,ii,iii,iv)",PLANTAE,TRACHEOPHYTA,MAGNOLIOPSIDA,LAURALES,LAURACEAE,Litsea,coelestis,https://dx.doi.org/10.2305/IUCN.UK.2024-1.RLTS.T153112765A153622783.en,Unknown,False
153115088,Litsea oleoides,Vulnerable,B1ab(iii)+2ab(iii),PLANTAE,TRACHEOPHYTA,MAGNOLIOPSIDA,LAURALES,LAURACEAE,Litsea,oleoides,https://dx.doi.org/10.2305/IUCN.UK.2023-1.RLTS.T153115088A153622868.en,Unknown,True
153116010,Litsea assamica,Endangered,B2ab(iii),PLANTAE,TRACHEOPHYTA,MAGNOLIOPSIDA,LAURALES,LAURACEAE,Litsea,assamica,https://dx.doi.org/10.2305/IUCN.UK.2023-1.RLTS.T153116010A153622903.en,Unknown,False
153116061,Litsea mishmiensis,Critically Endangered,B2ab(iii),PLANTAE,TRACHEOPHYTA,MAGNOLIOPSIDA,LAURALES,LAURACEAE,Litsea,mishmiensis,https://dx.doi.org/10.2305/IUCN.UK.2023-1.RLTS.T153116061A153622908.en,Unknown,False
209668480,Hylarana aurantiaca,Endangered,B1ab(iii),ANIMALIA,CHORDATA,AMPHIBIA,ANURA,RANIDAE,Hylarana,aurantiaca,https://dx.doi.org/10.2305/IUCN.UK.2023-1.RLTS.T209668480A156580466.en,Decreasing,True
155993997,Syzygium avene,Vulnerable,B2ab(iii),PLANTAE,TRACHEOPHYTA,MAGNOLIOPSIDA,MYRTALES,MYRTACEAE,Syzygium,avene,https://dx.doi.org/10.2305/IUCN.UK.2024-1.RLTS.T155993997A156940901.en,Unknown,False
157146680,Actinodaphne andamanica,Vulnerable,D2,PLANTAE,TRACHEOPHYTA,MAGNOLIOPSIDA,LAURALES,LAURACEAE,Actinodaphne,andamanica,https://dx.doi.org/10.2305/IUCN.UK.2023-1.RLTS.T157146680A157563361.en,Unknown,False
157150683,Actinodaphne longipes,Vulnerable,B1ab(iii)+2ab(iii),PLANTAE,TRACHEOPHYTA,MAGNOLIOPSIDA,LAURALES,LAURACEAE,Actinodaphne,longipes,https://dx.doi.org/10.2305/IUCN.UK.2023-1.RLTS.T157150683A157563506.en,Unknown,True
158847184,Vitex wimberleyi,Endangered,"B1ab(i,ii,iii,iv)+2ab(i,ii,iii,iv)",PLANTAE,TRACHEOPHYTA,MAGNOLIOPSIDA,LAMIALES,LAMIACEAE,Vitex,wimberleyi,https://dx.doi.org/10.2305/IUCN.UK.2023-1.RLTS.T158847184A158892410.en,Decreasing,False
159051467,Callicarpa moldenkeana,Endangered,"B1ab(i,ii,iii,iv)+2ab(i,ii,iii,iv)",PLANTAE,TRACHEOPHYTA,MAGNOLIOPSIDA,LAMIALES,LAMIACEAE,Callicarpa,moldenkeana,https://dx.doi.org/10.2305/IUCN.UK.2024-2.RLTS.T159051467A159054357.en,Unknown,True
159074166,Cryptocarya andamanica,Vulnerable,D2,PLANTAE,TRACHEOPHYTA,MAGNOLIOPSIDA,LAURALES,LAURACEAE,Cryptocarya,andamanica,https://dx.doi.org/10.2305/IUCN.UK.2023-1.RLTS.T159074166A159443752.en,Unknown,False
159079094,Cryptocarya balakrishnanii,Endangered,B2ab(iii),PLANTAE,TRACHEOPHYTA,MAGNOLIOPSIDA,LAURALES,LAURACEAE,Cryptocarya,balakrishnanii,https://dx.doi.org/10.2305/IUCN.UK.2023-1.RLTS.T159079094A159443782.en,Unknown,False
159079733,Cryptocarya burkillii,Critically Endangered,B2ab(iii),PLANTAE,TRACHEOPHYTA,MAGNOLIOPSIDA,LAURALES,LAURACEAE,Cryptocarya,burkillii,https://dx.doi.org/10.2305/IUCN.UK.2023-1.RLTS.T159079733A159443812.en,Unknown,False
159080036,Cryptocarya cavei,Critically Endangered,B2ab(iii),PLANTAE,TRACHEOPHYTA,MAGNOLIOPSIDA,LAURALES,LAURACEAE,Cryptocarya,cavei,https://dx.doi.org/10.2305/IUCN.UK.2023-1.RLTS.T159080036A159443837.en,Unknown,False
159080601,Cryptocarya dekae,Endangered,B2ab(iii),PLANTAE,TRACHEOPHYTA,MAGNOLIOPSIDA,LAURALES,LAURACEAE,Cryptocarya,dekae,https://dx.doi.org/10.2305/IUCN.UK.2023-1.RLTS.T159080601A159443877.en,Unknown,False
159103471,Cryptocarya insularis,Vulnerable,D2,PLANTAE,TRACHEOPHYTA,MAGNOLIOPSIDA,LAURALES,LAURACEAE,Cryptocarya,insularis,https://dx.doi.org/10.2305/IUCN.UK.2023-1.RLTS.T159103471A159443962.en,Unknown,False
159104035,Cryptocarya lawsonii,Vulnerable,C2a(i),PLANTAE,TRACHEOPHYTA,MAGNOLIOPSIDA,LAURALES,LAURACEAE,Cryptocarya,lawsonii,https://dx.doi.org/10.2305/IUCN.UK.2023-1.RLTS.T159104035A159444007.en,Decreasing,False
159121187,Cryptocarya simonsii,Critically Endangered,B2ab(iii),PLANTAE,TRACHEOPHYTA,MAGNOLIOPSIDA,LAURALES,LAURACEAE,Cryptocarya,simonsii,https://dx.doi.org/10.2305/IUCN.UK.2023-1.RLTS.T159121187A159444152.en,Unknown,False
54478,Ghatophryne ornata,Vulnerable,B1ab(iii),ANIMALIA,CHORDATA,AMPHIBIA,ANURA,BUFONIDAE,Ghatophryne,ornata,https://dx.doi.org/10.2305/IUCN.UK.2023-1.RLTS.T54478A166095955.en,Decreasing,True
54584,Duttaphrynus beddomii,Vulnerable,B1ab(iii),ANIMALIA,CHORDATA,AMPHIBIA,ANURA,BUFONIDAE,Duttaphrynus,beddomii,https://dx.doi.org/10.2305/IUCN.UK.2023-1.RLTS.T54584A166096204.en,Decreasing,True
54593,Duttaphrynus brevirostris,Vulnerable,B1ab(iii),ANIMALIA,CHORDATA,AMPHIBIA,ANURA,BUFONIDAE,Duttaphrynus,brevirostris,https://dx.doi.org/10.2305/IUCN.UK.2023-1.RLTS.T54593A166096349.en,Decreasing,True
54684,Beduka koynayensis,Endangered,B1ab(iii),ANIMALIA,CHORDATA,AMPHIBIA,ANURA,BUFONIDAE,Beduka,koynayensis,https://dx.doi.org/10.2305/IUCN.UK.2023-1.RLTS.T54684A166096562.en,Decreasing,True
58203,Amolops chakrataensis,Critically Endangered,B1ab(iii),ANIMALIA,CHORDATA,AMPHIBIA,ANURA,RANIDAE,Amolops,chakrataensis,https://dx.doi.org/10.2305/IUCN.UK.2023-1.RLTS.T58203A166098755.en,Decreasing,True
58273,Minervarya keralensis,Vulnerable,B1ab(iii),ANIMALIA,CHORDATA,AMPHIBIA,ANURA,DICROGLOSSIDAE,Minervarya,keralensis,https://dx.doi.org/10.2305/IUCN.UK.2023-1.RLTS.T58273A166099369.en,Decreasing,True
197660098,Indirana beddomii,Endangered,"B1ab(iii,v)",ANIMALIA,CHORDATA,AMPHIBIA,ANURA,RANIXALIDAE,Indirana,beddomii,https://dx.doi.org/10.2305/IUCN.UK.2023-1.RLTS.T197660098A166100666.en,Decreasing,True
58312,Walkerana leptodactyla,Vulnerable,B1ab(iii),ANIMALIA,CHORDATA,AMPHIBIA,ANURA,RANIXALIDAE,Walkerana,leptodactyla,https://dx.doi.org/10.2305/IUCN.UK.2023-1.RLTS.T58312A166101287.en,Decreasing,True
58314,Walkerana phrynoderma,Endangered,B1ab(iii),ANIMALIA,CHORDATA,AMPHIBIA,ANURA,RANIXALIDAE,Walkerana,phrynoderma,https://dx.doi.org/10.2305/IUCN.UK.2023-1.RLTS.T58314A166101476.en,Decreasing,True
58377,Micrixalus elegans,Vulnerable,B1ab(iii),ANIMALIA,CHORDATA,AMPHIBIA,ANURA,MICRIXALIDAE,Micrixalus,elegans,https://dx.doi.org/10.2305/IUCN.UK.2023-1.RLTS.T58377A166102173.en,Decreasing,True
58379,Micrixalus gadgili,Vulnerable,B1ab(iii),ANIMALIA,CHORDATA,AMPHIBIA,ANURA,MICRIXALIDAE,Micrixalus,gadgili,https://dx.doi.org/10.2305/IUCN.UK.2023-1.RLTS.T58379A166102249.en,Decreasing,True
58383,Micrixalus phyllophilus,Vulnerable,B1ab(iii),ANIMALIA,CHORDATA,AMPHIBIA,ANURA,MICRIXALIDAE,Micrixalus,phyllophilus,https://dx.doi.org/10.2305/IUCN.UK.2023-1.RLTS.T58383A166102352.en,Decreasing,False
58385,Micrixalus silvaticus,Endangered,B1ab(iii),ANIMALIA,CHORDATA,AMPHIBIA,ANURA,MICRIXALIDAE,Micrixalus,silvaticus,https://dx.doi.org/10.2305/IUCN.UK.2023-1.RLTS.T58385A166102455.en,Unknown,True
58387,Micrixalus thampii,Endangered,B1ab(iii),ANIMALIA,CHORDATA,AMPHIBIA,ANURA,MICRIXALIDAE,Micrixalus,thampii,https://dx.doi.org/10.2305/IUCN.UK.2023-1.RLTS.T58387A166102542.en,Decreasing,True
58395,Nyctibatrachus aliciae,Vulnerable,B1ab(iii),ANIMALIA,CHORDATA,AMPHIBIA,ANURA,NYCTIBATRACHIDAE,Nyctibatrachus,aliciae,https://dx.doi.org/10.2305/IUCN.UK.2023-1.RLTS.T58395A166102719.en,Decreasing,True
58399,Nyctibatrachus karnatakaensis,Endangered,B1ab(iii),ANIMALIA,CHORDATA,AMPHIBIA,ANURA,NYCTIBATRACHIDAE,Nyctibatrachus,karnatakaensis,https://dx.doi.org/10.2305/IUCN.UK.2023-1.RLTS.T58399A166102930.en,Decreasing,False
58401,Nyctibatrachus major,Endangered,B1ab(iii),ANIMALIA,CHORDATA,AMPHIBIA,ANURA,NYCTIBATRACHIDAE,Nyctibatrachus,major,https://dx.doi.org/10.2305/IUCN.UK.2023-1.RLTS.T58401A166103114.en,Decreasing,False
58402,Nyctibatrachus minor,Endangered,B1ab(iii),ANIMALIA,CHORDATA,AMPHIBIA,ANURA,NYCTIBATRACHIDAE,Nyctibatrachus,minor,https://dx.doi.org/10.2305/IUCN.UK.2023-1.RLTS.T58402A166103238.en,Decreasing,True
58403,Nyctibatrachus sanctipalustris,Endangered,B1ab(iii),ANIMALIA,CHORDATA,AMPHIBIA,ANURA,NYCTIBATRACHIDAE,Nyctibatrachus,sanctipalustris,https://dx.doi.org/10.2305/IUCN.UK.2023-1.RLTS.T58403A166103339.en,Decreasing,True
58404,Nyctibatrachus sylvaticus,Endangered,B1ab(iii),ANIMALIA,CHORDATA,AMPHIBIA,ANURA,NYCTIBATRACHIDAE,Nyctibatrachus,sylvaticus,https://dx.doi.org/10.2305/IUCN.UK.2023-1.RLTS.T58404A166103461.en,Unknown,False
58571,Ingerana charlesdarwini,Vulnerable,B1ab(iii),ANIMALIA,CHORDATA,AMPHIBIA,ANURA,DICROGLOSSIDAE,Ingerana,charlesdarwini,https://dx.doi.org/10.2305/IUCN.UK.2023-1.RLTS.T58571A166104490.en,Decreasing,True
58788,Chirixalus dudhwaensis,Vulnerable,B1ab(iii),ANIMALIA,CHORDATA,AMPHIBIA,ANURA,RHACOPHORIDAE,Chirixalus,dudhwaensis,https://dx.doi.org/10.2305/IUCN.UK.2023-1.RLTS.T58788A166105738.en,Decreasing,True
58829,Raorchestes chalazodes,Vulnerable,B1ab(iii),ANIMALIA,CHORDATA,AMPHIBIA,ANURA,RHACOPHORIDAE,Raorchestes,chalazodes,https://dx.doi.org/10.2305/IUCN.UK.2023-1.RLTS.T58829A166106548.en,Decreasing,True
58847,Raorchestes glandulosus,Vulnerable,B1ab(iii),ANIMALIA,CHORDATA,AMPHIBIA,ANURA,RHACOPHORIDAE,Raorchestes,glandulosus,https://dx.doi.org/10.2305/IUCN.UK.2023-1.RLTS.T58847A166106955.en,Decreasing,True
58849,Raorchestes griet,Vulnerable,B1ab(iii),ANIMALIA,CHORDATA,AMPHIBIA,ANURA,RHACOPHORIDAE,Raorchestes,griet,https://dx.doi.org/10.2305/IUCN.UK.2023-1.RLTS.T58849A166107068.en,Decreasing,False
58876,Philautus namdaphaensis,Vulnerable,B2ab(iii),ANIMALIA,CHORDATA,AMPHIBIA,ANURA,RHACOPHORIDAE,Philautus,namdaphaensis,https://dx.doi.org/10.2305/IUCN.UK.2023-1.RLTS.T58876A166107469.en,Decreasing,True
58903,Raorchestes signatus,Endangered,B1ab(iii),ANIMALIA,CHORDATA,AMPHIBIA,ANURA,RHACOPHORIDAE,Raorchestes,signatus,https://dx.doi.org/10.2305/IUCN.UK.2023-1.RLTS.T58903A166107945.en,Decreasing,True
58926,Raorchestes tinniens,Endangered,B1ab(iii),ANIMALIA,CHORDATA,AMPHIBIA,ANURA,RHACOPHORIDAE,Raorchestes,tinniens,https://dx.doi.org/10.2305/IUCN.UK.2023-1.RLTS.T58926A166108604.en,Decreasing,False
58927,Raorchestes travancoricus,Endangered,B1ab(iii),ANIMALIA,CHORDATA,AMPHIBIA,ANURA,RHACOPHORIDAE,Raorchestes,travancoricus,https://dx.doi.org/10.2305/IUCN.UK.2023-1.RLTS.T58927A166108743.en,Decreasing,True
58983,Rhacophorus calcadensis,Vulnerable,B1ab(iii),ANIMALIA,CHORDATA,AMPHIBIA,ANURA,RHACOPHORIDAE,Rhacophorus,calcadensis,https://dx.doi.org/10.2305/IUCN.UK.2023-1.RLTS.T58983A166109531.en,Decreasing,False
59027,Ghatixalus variabilis,Endangered,B1ab(iii),ANIMALIA,CHORDATA,AMPHIBIA,ANURA,RHACOPHORIDAE,Ghatixalus,variabilis,https://dx.doi.org/10.2305/IUCN.UK.2023-1.RLTS.T59027A166109981.en,Decreasing,True
61850,Uperodon assamensis,Vulnerable,B1ab(iii),ANIMALIA,CHORDATA,AMPHIBIA,ANURA,MICROHYLIDAE,Uperodon,assamensis,https://dx.doi.org/10.2305/IUCN.UK.2023-1.RLTS.T61850A166111992.en,Decreasing,False
61885,Raorchestes nerostagona,Vulnerable,B1ab(iii),ANIMALIA,CHORDATA,AMPHIBIA,ANURA,RHACOPHORIDAE,Raorchestes,nerostagona,https://dx.doi.org/10.2305/IUCN.UK.2023-1.RLTS.T61885A166112244.en,Decreasing,True
135879,Megophrys zunhebotoensis,Endangered,B1ab(iii),ANIMALIA,CHORDATA,AMPHIBIA,ANURA,MEGOPHRYIDAE,Megophrys,zunhebotoensis,https://dx.doi.org/10.2305/IUCN.UK.2023-1.RLTS.T135879A166112666.en,Decreasing,False
136045,Nyctibatrachus minimus,Vulnerable,B1ab(iii),ANIMALIA,CHORDATA,AMPHIBIA,ANURA,NYCTIBATRACHIDAE,Nyctibatrachus,minimus,https://dx.doi.org/10.2305/IUCN.UK.2023-1.RLTS.T136045A166113102.en,Decreasing,True
136049,Minervarya nicobariensis,Vulnerable,B1ab(iii),ANIMALIA,CHORDATA,AMPHIBIA,ANURA,DICROGLOSSIDAE,Minervarya,nicobariensis,https://dx.doi.org/10.2305/IUCN.UK.2023-1.RLTS.T136049A166113212.en,Stable,False
158638,Amolops assamensis,Vulnerable,B1ab(iii),ANIMALIA,CHORDATA,AMPHIBIA,ANURA,RANIDAE,Amolops,assamensis,https://dx.doi.org/10.2305/IUCN.UK.2023-1.RLTS.T158638A166113999.en,Decreasing,True
173018,Nyctibatrachus dattatreyaensis,Endangered,B1ab(iii),ANIMALIA,CHORDATA,AMPHIBIA,ANURA,NYCTIBATRACHIDAE,Nyctibatrachus,dattatreyaensis,https://dx.doi.org/10.2305/IUCN.UK.2023-1.RLTS.T173018A166114332.en,Decreasing,True
186160,Raorchestes chotta,Endangered,B1ab(iii),ANIMALIA,CHORDATA,AMPHIBIA,ANURA,RHACOPHORIDAE,Raorchestes,chotta,https://dx.doi.org/10.2305/IUCN.UK.2023-1.RLTS.T186160A166114872.en,Decreasing,True
186161,Raorchestes coonoorensis,Endangered,B1ab(iii),ANIMALIA,CHORDATA,AMPHIBIA,ANURA,RHACOPHORIDAE,Raorchestes,coonoorensis,https://dx.doi.org/10.2305/IUCN.UK.2023-1.RLTS.T186161A166115005.en,Decreasing,True
186163,Raorchestes kaikatti,Endangered,B1ab(iii),ANIMALIA,CHORDATA,AMPHIBIA,ANURA,RHACOPHORIDAE,Raorchestes,kaikatti,https://dx.doi.org/10.2305/IUCN.UK.2023-1.RLTS.T186163A166115130.en,Decreasing,True
186165,Raorchestes marki,Critically Endangered,B1ab(iii),ANIMALIA,CHORDATA,AMPHIBIA,ANURA,RHACOPHORIDAE,Raorchestes,marki,https://dx.doi.org/10.2305/IUCN.UK.2023-1.RLTS.T186165A166115426.en,Decreasing,True
186166,Raorchestes sushili,Endangered,B1ab(iii),ANIMALIA,CHORDATA,AMPHIBIA,ANURA,RHACOPHORIDAE,Raorchestes,sushili,https://dx.doi.org/10.2305/IUCN.UK.2023-1.RLTS.T186166A166115575.en,Decreasing,True
187830,Raorchestes chromasynchysi,Vulnerable,B1ab(iii),ANIMALIA,CHORDATA,AMPHIBIA,ANURA,RHACOPHORIDAE,Raorchestes,chromasynchysi,https://dx.doi.org/10.2305/IUCN.UK.2023-1.RLTS.T187830A166115729.en,Decreasing,True
189700,Beduka amboli,Endangered,"B1ab(iii,v)",ANIMALIA,CHORDATA,AMPHIBIA,ANURA,BUFONIDAE,Beduka,amboli,https://dx.doi.org/10.2305/IUCN.UK.2023-1.RLTS.T189700A166115894.en,Decreasing,True
78521208,Nyctibatrachus kumbara,Vulnerable,B1ab(iii),ANIMALIA,CHORDATA,AMPHIBIA,ANURA,NYCTIBATRACHIDAE,Nyctibatrachus,kumbara,https://dx.doi.org/10.2305/IUCN.UK.2023-1.RLTS.T78521208A166116623.en,Decreasing,True
79080668,Megophrys oropedion,Endangered,B1ab(iii),ANIMALIA,CHORDATA,AMPHIBIA,ANURA,MEGOPHRYIDAE,Megophrys,oropedion,https://dx.doi.org/10.2305/IUCN.UK.2023-1.RLTS.T79080668A166116648.en,Unknown,True
79095367,Mercurana myristicapalustris,Endangered,B1ab(iii),ANIMALIA,CHORDATA,AMPHIBIA,ANURA,RHACOPHORIDAE,Mercurana,myristicapalustris,https://dx.doi.org/10.2305/IUCN.UK.2023-1.RLTS.T79095367A166116653.en,Decreasing,True
79719834,Beddomixalus bijui,Endangered,B1ab(iii),ANIMALIA,CHORDATA,AMPHIBIA,ANURA,RHACOPHORIDAE,Beddomixalus,bijui,https://dx.doi.org/10.2305/IUCN.UK.2023-1.RLTS.T79719834A166116673.en,Decreasing,True
88368304,Megophrys vegrandis,Endangered,B1ab(iii),ANIMALIA,CHORDATA,AMPHIBIA,ANURA,MEGOPHRYIDAE,Megophrys,vegrandis,https://dx.doi.org/10.2305/IUCN.UK.2023-1.RLTS.T88368304A166116688.en,Decreasing,False
88378128,Nyctibatrachus anamallaiensis,Endangered,B1ab(iii),ANIMALIA,CHORDATA,AMPHIBIA,ANURA,NYCTIBATRACHIDAE,Nyctibatrachus,anamallaiensis,https://dx.doi.org/10.2305/IUCN.UK.2023-1.RLTS.T88378128A166116708.en,Decreasing,False
89183211,Indirana salelkari,Vulnerable,B1ab(iii),ANIMALIA,CHORDATA,AMPHIBIA,ANURA,RANIXALIDAE,Indirana,salelkari,https://dx.doi.org/10.2305/IUCN.UK.2023-1.RLTS.T89183211A166116733.en,Decreasing,False
121370882,Minervarya manoharani,Endangered,B1ab(iii),ANIMALIA,CHORDATA,AMPHIBIA,ANURA,DICROGLOSSIDAE,Minervarya,manoharani,https://dx.doi.org/10.2305/IUCN.UK.2023-1.RLTS.T121370882A166116920.en,Decreasing,False
165414176,Minervarya goemchi,Endangered,B1ab(iii),ANIMALIA,CHORDATA,AMPHIBIA,ANURA,DICROGLOSSIDAE,Minervarya,goemchi,https://dx.doi.org/10.2305/IUCN.UK.2023-1.RLTS.T165414176A166116971.en,Decreasing,False
88369128,Micrixalus kottigeharensis,Vulnerable,B1ab(iii),ANIMALIA,CHORDATA,AMPHIBIA,ANURA,MICRIXALIDAE,Micrixalus,kottigeharensis,https://dx.doi.org/10.2305/IUCN.UK.2023-1.RLTS.T88369128A166156075.en,Decreasing,True
88378424,Nyctibatrachus beddomii,Endangered,B1ab(iii),ANIMALIA,CHORDATA,AMPHIBIA,ANURA,NYCTIBATRACHIDAE,Nyctibatrachus,beddomii,https://dx.doi.org/10.2305/IUCN.UK.2023-1.RLTS.T88378424A166156380.en,Decreasing,True
88378891,Nyctibatrachus deccanensis,Endangered,B1ab(iii),ANIMALIA,CHORDATA,AMPHIBIA,ANURA,NYCTIBATRACHIDAE,Nyctibatrachus,deccanensis,https://dx.doi.org/10.2305/IUCN.UK.2023-1.RLTS.T88378891A166156541.en,Decreasing,False
33608,Atuna travancorica,Critically Endangered,A2c; C2a(i),PLANTAE,TRACHEOPHYTA,MAGNOLIOPSIDA,MALPIGHIALES,CHRYSOBALANACEAE,Atuna,travancorica,https://dx.doi.org/10.2305/IUCN.UK.2024-2.RLTS.T33608A169055603.en,Decreasing,False
169056310,Calophyllum austroindicum,Vulnerable,A2cd,PLANTAE,TRACHEOPHYTA,MAGNOLIOPSIDA,MALPIGHIALES,CALOPHYLLACEAE,Calophyllum,austroindicum,https://dx.doi.org/10.2305/IUCN.UK.2024-2.RLTS.T169056310A169056351.en,Stable,True
169056377,Calophyllum pascalianum,Critically Endangered,D,PLANTAE,TRACHEOPHYTA,MAGNOLIOPSIDA,MALPIGHIALES,CALOPHYLLACEAE,Calophyllum,pascalianum,https://dx.doi.org/10.2305/IUCN.UK.2024-2.RLTS.T169056377A169056798.en,Unknown,False
169056981,Capparis rheedei,Vulnerable,"A2c; B2ab(iii,v); C2a(i)",PLANTAE,TRACHEOPHYTA,MAGNOLIOPSIDA,BRASSICALES,CAPPARACEAE,Capparis,rheedei,https://dx.doi.org/10.2305/IUCN.UK.2024-2.RLTS.T169056981A169056985.en,Decreasing,True
31169,Hopea jacobi,Critically Endangered,"B1ab(iii,v)+2ab(iii,v)",PLANTAE,TRACHEOPHYTA,MAGNOLIOPSIDA,MALVALES,DIPTEROCARPACEAE,Hopea,jacobi,https://dx.doi.org/10.2305/IUCN.UK.2023-1.RLTS.T31169A169588922.en,Decreasing,False
33018,Hopea glabra,Endangered,C2a(i); D,PLANTAE,TRACHEOPHYTA,MAGNOLIOPSIDA,MALVALES,DIPTEROCARPACEAE,Hopea,glabra,https://dx.doi.org/10.2305/IUCN.UK.2023-1.RLTS.T33018A169589096.en,Decreasing,False
33022,Hopea racophloea,Endangered,C2a(i),PLANTAE,TRACHEOPHYTA,MAGNOLIOPSIDA,MALVALES,DIPTEROCARPACEAE,Hopea,racophloea,https://dx.doi.org/10.2305/IUCN.UK.2023-1.RLTS.T33022A169589143.en,Decreasing,False
33023,Hopea utilis,Endangered,"B1ab(ii,iii,v)+2ab(ii,iii,v); C2a(i); D",PLANTAE,TRACHEOPHYTA,MAGNOLIOPSIDA,MALVALES,DIPTEROCARPACEAE,Hopea,utilis,https://dx.doi.org/10.2305/IUCN.UK.2023-1.RLTS.T33023A169589185.en,Decreasing,False
169578317,Reinwardtiodendron anamalaiense,Vulnerable,A2c,PLANTAE,TRACHEOPHYTA,MAGNOLIOPSIDA,SAPINDALES,MELIACEAE,Reinwardtiodendron,anamalaiense,https://dx.doi.org/10.2305/IUCN.UK.2024-2.RLTS.T169578317A169589635.en,Decreasing,False
172580995,Alseodaphnopsis petiolaris,Vulnerable,B2ab(iii),PLANTAE,TRACHEOPHYTA,MAGNOLIOPSIDA,LAURALES,LAURACEAE,Alseodaphnopsis,petiolaris,https://dx.doi.org/10.2305/IUCN.UK.2024-1.RLTS.T172580995A172581635.en,Unknown,False
172587745,Dehaasia assamica,Critically Endangered,B2ab(iii),PLANTAE,TRACHEOPHYTA,MAGNOLIOPSIDA,LAURALES,LAURACEAE,Dehaasia,assamica,https://dx.doi.org/10.2305/IUCN.UK.2023-1.RLTS.T172587745A172607067.en,Unknown,False
172738069,Lindera andamanica,Vulnerable,D2,PLANTAE,TRACHEOPHYTA,MAGNOLIOPSIDA,LAURALES,LAURACEAE,Lindera,andamanica,https://dx.doi.org/10.2305/IUCN.UK.2023-1.RLTS.T172738069A172913103.en,Unknown,False
31185,Cynometra bourdillonii,Endangered,B2ab(iii),PLANTAE,TRACHEOPHYTA,MAGNOLIOPSIDA,FABALES,FABACEAE,Cynometra,bourdillonii,https://dx.doi.org/10.2305/IUCN.UK.2024-1.RLTS.T31185A173472237.en,Unknown,False
175597058,Machilus kingii,Endangered,B2ab(iii),PLANTAE,TRACHEOPHYTA,MAGNOLIOPSIDA,LAURALES,LAURACEAE,Machilus,kingii,https://dx.doi.org/10.2305/IUCN.UK.2023-1.RLTS.T175597058A175597951.en,Unknown,True
175655434,Cryptocoryne sivadasanii,Vulnerable,B1ab(iii)+2ab(iii),PLANTAE,TRACHEOPHYTA,LILIOPSIDA,ALISMATALES,ARACEAE,Cryptocoryne,sivadasanii,https://dx.doi.org/10.2305/IUCN.UK.2023-1.RLTS.T175655434A175655465.en,Unknown,False
175615495,Phoebe angustifolia,Vulnerable,B2ab(iii),PLANTAE,TRACHEOPHYTA,MAGNOLIOPSIDA,LAURALES,LAURACEAE,Phoebe,angustifolia,https://dx.doi.org/10.2305/IUCN.UK.2023-1.RLTS.T175615495A175746105.en,Unknown,False
31275,Sloanea tomentosa,Endangered,C2a(i),PLANTAE,TRACHEOPHYTA,MAGNOLIOPSIDA,OXALIDALES,ELAEOCARPACEAE,Sloanea,tomentosa,https://dx.doi.org/10.2305/IUCN.UK.2023-1.RLTS.T31275A176691123.en,Decreasing,True
176680211,Antidesma khasianum,Endangered,C2a(i),PLANTAE,TRACHEOPHYTA,MAGNOLIOPSIDA,MALPIGHIALES,PHYLLANTHACEAE,Antidesma,khasianum,https://dx.doi.org/10.2305/IUCN.UK.2023-1.RLTS.T176680211A176691179.en,Decreasing,False
176856760,Ormosia robusta,Critically Endangered,C2a(i),PLANTAE,TRACHEOPHYTA,MAGNOLIOPSIDA,FABALES,FABACEAE,Ormosia,robusta,https://dx.doi.org/10.2305/IUCN.UK.2023-1.RLTS.T176856760A176861755.en,Decreasing,False
176857958,Syzygium khasianum,Critically Endangered,C2a(i),PLANTAE,TRACHEOPHYTA,MAGNOLIOPSIDA,MYRTALES,MYRTACEAE,Syzygium,khasianum,https://dx.doi.org/10.2305/IUCN.UK.2023-1.RLTS.T176857958A176861795.en,Decreasing,False
177944137,Premna debiana,Endangered,B2ab(iii),PLANTAE,TRACHEOPHYTA,MAGNOLIOPSIDA,LAMIALES,LAMIACEAE,Premna,debiana,https://dx.doi.org/10.2305/IUCN.UK.2024-1.RLTS.T177944137A177944173.en,Unknown,False
177944393,Premna milleflora,Vulnerable,"B2ab(i,ii,iii,iv)",PLANTAE,TRACHEOPHYTA,MAGNOLIOPSIDA,LAMIALES,LAMIACEAE,Premna,milleflora,https://dx.doi.org/10.2305/IUCN.UK.2024-2.RLTS.T177944393A177944419.en,Unknown,True
177962982,Dipcadi goaense,Endangered,B1ab(iii)+2ab(iii),PLANTAE,TRACHEOPHYTA,LILIOPSIDA,ASPARAGALES,ASPARAGACEAE,Dipcadi,goaense,https://dx.doi.org/10.2305/IUCN.UK.2023-1.RLTS.T177962982A177969102.en,Unknown,True
179054974,Dasymaschalon longiflorum,Vulnerable,B2ab(iii),PLANTAE,TRACHEOPHYTA,MAGNOLIOPSIDA,MAGNOLIALES,ANNONACEAE,Dasymaschalon,longiflorum,https://dx.doi.org/10.2305/IUCN.UK.2024-1.RLTS.T179054974A179054978.en,Unknown,True
179207814,Goniothalamus thwaitesii,Vulnerable,B2ab(iii),PLANTAE,TRACHEOPHYTA,MAGNOLIOPSIDA,MAGNOLIALES,ANNONACEAE,Goniothalamus,thwaitesii,https://dx.doi.org/10.2305/IUCN.UK.2024-1.RLTS.T179207814A179207816.en,Unknown,False
22693431,Calidris ferruginea,Vulnerable,A2bcd+4bcd,ANIMALIA,CHORDATA,AVES,CHARADRIIFORMES,SCOLOPACIDAE,Calidris,ferruginea,https://dx.doi.org/10.2305/IUCN.UK.2024-2.RLTS.T22693431A180593985.en,Decreasing,True
181140345,Megophrys awuh,Vulnerable,B1ab(iii),ANIMALIA,CHORDATA,AMPHIBIA,ANURA,MEGOPHRYIDAE,Megophrys,awuh,https://dx.doi.org/10.2305/IUCN.UK.2023-1.RLTS.T181140345A181389582.en,Decreasing,True
181141076,Megophrys dzukou,Critically Endangered,B1ab(iii),ANIMALIA,CHORDATA,AMPHIBIA,ANURA,MEGOPHRYIDAE,Megophrys,dzukou,https://dx.doi.org/10.2305/IUCN.UK.2023-1.RLTS.T181141076A181391525.en,Unknown,False
181473105,Blythophryne beryet,Vulnerable,B1ab(iii),ANIMALIA,CHORDATA,AMPHIBIA,ANURA,BUFONIDAE,Blythophryne,beryet,https://dx.doi.org/10.2305/IUCN.UK.2023-1.RLTS.T181473105A181516499.en,Stable,False
181140883,Megophrys numhbumaeng,Endangered,B1ab(iii),ANIMALIA,CHORDATA,AMPHIBIA,ANURA,MEGOPHRYIDAE,Megophrys,numhbumaeng,https://dx.doi.org/10.2305/IUCN.UK.2023-1.RLTS.T181140883A181893398.en,Decreasing,False
176848640,Alphonsea zeylanica,Vulnerable,B2ab(iii),PLANTAE,TRACHEOPHYTA,MAGNOLIOPSIDA,MAGNOLIALES,ANNONACEAE,Alphonsea,zeylanica,https://dx.doi.org/10.2305/IUCN.UK.2024-1.RLTS.T176848640A185287991.en,Unknown,False
186884431,Pecteilis triflora,Critically Endangered,C2a(i),PLANTAE,TRACHEOPHYTA,LILIOPSIDA,ASPARAGALES,ORCHIDACEAE,Pecteilis,triflora,https://dx.doi.org/10.2305/IUCN.UK.2023-1.RLTS.T186884431A186884436.en,Decreasing,False
184539455,Crepidium aphyllum,Endangered,B2ab(iii),PLANTAE,TRACHEOPHYTA,LILIOPSIDA,ASPARAGALES,ORCHIDACEAE,Crepidium,aphyllum,https://dx.doi.org/10.2305/IUCN.UK.2023-1.RLTS.T184539455A186885121.en,Stable,False
186884507,Peristylus sahanii,Critically Endangered,B2ab(iii); D,PLANTAE,TRACHEOPHYTA,LILIOPSIDA,ASPARAGALES,ORCHIDACEAE,Peristylus,sahanii,https://dx.doi.org/10.2305/IUCN.UK.2023-1.RLTS.T186884507A186885369.en,Stable,False
186884978,Eulophia obtusa,Critically Endangered,"B2ab(i,ii,iii,iv,v); C2a(i,ii); D",PLANTAE,TRACHEOPHYTA,LILIOPSIDA,ASPARAGALES,ORCHIDACEAE,Eulophia,obtusa,https://dx.doi.org/10.2305/IUCN.UK.2023-1.RLTS.T186884978A186885384.en,Decreasing,True
186885185,Habenaria sahyadrica,Endangered,D,PLANTAE,TRACHEOPHYTA,LILIOPSIDA,ASPARAGALES,ORCHIDACEAE,Habenaria,sahyadrica,https://dx.doi.org/10.2305/IUCN.UK.2023-1.RLTS.T186885185A186885394.en,Stable,False
187022603,Murdannia assamica,Vulnerable,D2,PLANTAE,TRACHEOPHYTA,LILIOPSIDA,COMMELINALES,COMMELINACEAE,Murdannia,assamica,https://dx.doi.org/10.2305/IUCN.UK.2024-1.RLTS.T187022603A187022622.en,Unknown,False
187022663,Murdannia brownii,Endangered,B1ab(iii)+2ab(iii),PLANTAE,TRACHEOPHYTA,LILIOPSIDA,COMMELINALES,COMMELINACEAE,Murdannia,brownii,https://dx.doi.org/10.2305/IUCN.UK.2024-1.RLTS.T187022663A187022673.en,Unknown,False
187024265,Murdannia saddlepeakensis,Critically Endangered,B1ab(iii)+2ab(iii),PLANTAE,TRACHEOPHYTA,LILIOPSIDA,COMMELINALES,COMMELINACEAE,Murdannia,saddlepeakensis,https://dx.doi.org/10.2305/IUCN.UK.2024-1.RLTS.T187024265A187024275.en,Decreasing,False
187025460,Murdannia sanjappae,Vulnerable,D2,PLANTAE,TRACHEOPHYTA,LILIOPSIDA,COMMELINALES,COMMELINACEAE,Murdannia,sanjappae,https://dx.doi.org/10.2305/IUCN.UK.2024-1.RLTS.T187025460A187025974.en,Unknown,False
186301014,Oberonia bopannae,Critically Endangered,B2ab(iii); D,PLANTAE,TRACHEOPHYTA,LILIOPSIDA,ASPARAGALES,ORCHIDACEAE,Oberonia,bopannae,https://dx.doi.org/10.2305/IUCN.UK.2023-1.RLTS.T186301014A188972478.en,Unknown,False
191546628,Adelocaryum lambertianum,Endangered,B1ab(iii)+2ab(iii),PLANTAE,TRACHEOPHYTA,MAGNOLIOPSIDA,BORAGINALES,BORAGINACEAE,Adelocaryum,lambertianum,https://dx.doi.org/10.2305/IUCN.UK.2023-1.RLTS.T191546628A191546963.en,Decreasing,False
191547129,Adelocaryum malabaricum,Endangered,B1ab(iii)+2ab(iii),PLANTAE,TRACHEOPHYTA,MAGNOLIOPSIDA,BORAGINALES,BORAGINACEAE,Adelocaryum,malabaricum,https://dx.doi.org/10.2305/IUCN.UK.2023-1.RLTS.T191547129A191547198.en,Decreasing,True
191547570,Amorphophallus smithsonianus,Vulnerable,D2,PLANTAE,TRACHEOPHYTA,LILIOPSIDA,ALISMATALES,ARACEAE,Amorphophallus,smithsonianus,https://dx.doi.org/10.2305/IUCN.UK.2024-1.RLTS.T191547570A191547574.en,Unknown,True
191681904,Distimake rhyncorhiza,Vulnerable,B2ab(iii),PLANTAE,TRACHEOPHYTA,MAGNOLIOPSIDA,SOLANALES,CONVOLVULACEAE,Distimake,rhyncorhiza,https://dx.doi.org/10.2305/IUCN.UK.2023-1.RLTS.T191681904A191681934.en,Unknown,True
168904,Cryptocoryne cognata,Vulnerable,"B1ab(ii,iii)+2ab(ii,iii)",PLANTAE,TRACHEOPHYTA,LILIOPSIDA,ALISMATALES,ARACEAE,Cryptocoryne,cognata,https://dx.doi.org/10.2305/IUCN.UK.2023-1.RLTS.T168904A197729585.en,Unknown,False
175218,Cryptocoryne consobrina,Vulnerable,B1ab(iii)+2ab(iii),PLANTAE,TRACHEOPHYTA,LILIOPSIDA,ALISMATALES,ARACEAE,Cryptocoryne,consobrina,https://dx.doi.org/10.2305/IUCN.UK.2023-1.RLTS.T175218A197729797.en,Decreasing,False
197945955,Raorchestes keirasabinae,Vulnerable,B1ab(iii),ANIMALIA,CHORDATA,AMPHIBIA,ANURA,RHACOPHORIDAE,Raorchestes,keirasabinae,https://dx.doi.org/10.2305/IUCN.UK.2023-1.RLTS.T197945955A197945974.en,Decreasing,False
31187,Humboldtia bourdillonii,Vulnerable,A2c; B1ab(iii)+2ab(iii),PLANTAE,TRACHEOPHYTA,MAGNOLIOPSIDA,FABALES,FABACEAE,Humboldtia,bourdillonii,https://dx.doi.org/10.2305/IUCN.UK.2024-2.RLTS.T31187A201031094.en,Decreasing,True
33645,Dialium travancoricum,Critically Endangered,"B1ab(i,ii,iii)+2ab(i,ii,iii); D",PLANTAE,TRACHEOPHYTA,MAGNOLIOPSIDA,FABALES,FABACEAE,Dialium,travancoricum,https://dx.doi.org/10.2305/IUCN.UK.2023-1.RLTS.T33645A201031154.en,Decreasing,False
33647,Prioria pinnata,Vulnerable,A1acd,PLANTAE,TRACHEOPHYTA,MAGNOLIOPSIDA,FABALES,FABACEAE,Prioria,pinnata,https://dx.doi.org/10.2305/IUCN.UK.2023-1.RLTS.T33647A201031235.en,Stable,False
38758,Aporosa bourdillonii,Endangered,"B1ab(iii,v)+2ab(iii,v); C2a(i); D",PLANTAE,TRACHEOPHYTA,MAGNOLIOPSIDA,MALPIGHIALES,PHYLLANTHACEAE,Aporosa,bourdillonii,https://dx.doi.org/10.2305/IUCN.UK.2023-1.RLTS.T38758A201031315.en,Decreasing,False
201030934,Humboldtia brunonis,Vulnerable,A2c; C2a(i),PLANTAE,TRACHEOPHYTA,MAGNOLIOPSIDA,FABALES,FABACEAE,Humboldtia,brunonis,https://dx.doi.org/10.2305/IUCN.UK.2024-2.RLTS.T201030934A201031378.en,Decreasing,True
201031081,Syzygium periyarense,Critically Endangered,D,PLANTAE,TRACHEOPHYTA,MAGNOLIOPSIDA,MYRTALES,MYRTACEAE,Syzygium,periyarense,https://dx.doi.org/10.2305/IUCN.UK.2023-1.RLTS.T201031081A201031398.en,Unknown,True
202483877,Semecarpus kurzii,Endangered,B2ab(iii),PLANTAE,TRACHEOPHYTA,MAGNOLIOPSIDA,SAPINDALES,ANACARDIACEAE,Semecarpus,kurzii,https://dx.doi.org/10.2305/IUCN.UK.2024-1.RLTS.T202483877A202740770.en,Unknown,True
202483996,Semecarpus prainii,Vulnerable,B2ab(iii),PLANTAE,TRACHEOPHYTA,MAGNOLIOPSIDA,SAPINDALES,ANACARDIACEAE,Semecarpus,prainii,https://dx.doi.org/10.2305/IUCN.UK.2024-1.RLTS.T202483996A202740785.en,Unknown,False
202484066,Semecarpus subpanduriformis,Endangered,B2ab(iii),PLANTAE,TRACHEOPHYTA,MAGNOLIOPSIDA,SAPINDALES,ANACARDIACEAE,Semecarpus,subpanduriformis,https://dx.doi.org/10.2305/IUCN.UK.2024-1.RLTS.T202484066A202740790.en,Unknown,False
202532388,Brownlowia elata,Vulnerable,B2ab(iii),PLANTAE,TRACHEOPHYTA,MAGNOLIOPSIDA,MALVALES,MALVACEAE,Brownlowia,elata,https://dx.doi.org/10.2305/IUCN.UK.2023-1.RLTS.T202532388A202740876.en,Unknown,False
202536352,Grewia nagensium,Endangered,B1ab(iii)+2ab(iii),PLANTAE,TRACHEOPHYTA,MAGNOLIOPSIDA,MALVALES,MALVACEAE,Grewia,nagensium,https://dx.doi.org/10.2305/IUCN.UK.2024-1.RLTS.T202536352A202740976.en,Unknown,False
202732050,Pterospermum aceroides,Endangered,B2ab(iii),PLANTAE,TRACHEOPHYTA,MAGNOLIOPSIDA,MALVALES,MALVACEAE,Pterospermum,aceroides,https://dx.doi.org/10.2305/IUCN.UK.2024-1.RLTS.T202732050A202741202.en,Unknown,False
206837366,Glochidion andamanicum,Endangered,B2ab(iii),PLANTAE,TRACHEOPHYTA,MAGNOLIOPSIDA,MALPIGHIALES,PHYLLANTHACEAE,Glochidion,andamanicum,https://dx.doi.org/10.2305/IUCN.UK.2024-1.RLTS.T206837366A206909976.en,Unknown,False
208974595,Ochna gamblei,Endangered,A2ac; D,PLANTAE,TRACHEOPHYTA,MAGNOLIOPSIDA,MALPIGHIALES,OCHNACEAE,Ochna,gamblei,https://dx.doi.org/10.2305/IUCN.UK.2023-1.RLTS.T208974595A209009666.en,Decreasing,False
210014331,Pandanus palakkadensis,Critically Endangered,"B1ab(iii,v)+2ab(iii,v); C2a(ii)",PLANTAE,TRACHEOPHYTA,LILIOPSIDA,PANDANALES,PANDANACEAE,Pandanus,palakkadensis,https://dx.doi.org/10.2305/IUCN.UK.2024-2.RLTS.T210014331A210018953.en,Decreasing,False
30891,Syzygium neesianum,Vulnerable,A2c; B2ab(iii),PLANTAE,TRACHEOPHYTA,MAGNOLIOPSIDA,MYRTALES,MYRTACEAE,Syzygium,neesianum,https://dx.doi.org/10.2305/IUCN.UK.2024-2.RLTS.T30891A210023075.en,Decreasing,True
38036,Syzygium caryophyllatum,Vulnerable,C2a(i),PLANTAE,TRACHEOPHYTA,MAGNOLIOPSIDA,MYRTALES,MYRTACEAE,Syzygium,caryophyllatum,https://dx.doi.org/10.2305/IUCN.UK.2024-1.RLTS.T38036A210023175.en,Unknown,False
210010463,Syzygium calophyllifolium,Endangered,C2a(i),PLANTAE,TRACHEOPHYTA,MAGNOLIOPSIDA,MYRTALES,MYRTACEAE,Syzygium,calophyllifolium,https://dx.doi.org/10.2305/IUCN.UK.2023-1.RLTS.T210010463A210023247.en,Decreasing,False
210013452,Ficus beddomei,Endangered,A2c,PLANTAE,TRACHEOPHYTA,MAGNOLIOPSIDA,ROSALES,MORACEAE,Ficus,beddomei,https://dx.doi.org/10.2305/IUCN.UK.2023-1.RLTS.T210013452A210023277.en,Decreasing,False
210013545,Ficus costata,Vulnerable,"B2ab(i,ii,iii,iv)",PLANTAE,TRACHEOPHYTA,MAGNOLIOPSIDA,ROSALES,MORACEAE,Ficus,costata,https://dx.doi.org/10.2305/IUCN.UK.2023-1.RLTS.T210013545A210023282.en,Decreasing,False
210013949,Ficus dalhousiae,Vulnerable,B2ab(iii),PLANTAE,TRACHEOPHYTA,MAGNOLIOPSIDA,ROSALES,MORACEAE,Ficus,dalhousiae,https://dx.doi.org/10.2305/IUCN.UK.2023-1.RLTS.T210013949A210023287.en,Unknown,False
211716588,Garcinia succifolia,Vulnerable,B2ab(iii),PLANTAE,TRACHEOPHYTA,MAGNOLIOPSIDA,MALPIGHIALES,CLUSIACEAE,Garcinia,succifolia,https://dx.doi.org/10.2305/IUCN.UK.2024-1.RLTS.T211716588A211814001.en,Unknown,False
213352738,Chionanthus sumatranus,Vulnerable,B2ab(iii),PLANTAE,TRACHEOPHYTA,MAGNOLIOPSIDA,LAMIALES,OLEACEAE,Chionanthus,sumatranus,https://dx.doi.org/10.2305/IUCN.UK.2024-1.RLTS.T213352738A213399586.en,Unknown,False
215199522,Lepidagathis clavata,Critically Endangered,B1ab(iii),PLANTAE,TRACHEOPHYTA,MAGNOLIOPSIDA,LAMIALES,ACANTHACEAE,Lepidagathis,clavata,,Unknown,False
22679012,Perdicula manipurensis,Critically Endangered,D,ANIMALIA,CHORDATA,AVES,GALLIFORMES,PHASIANIDAE,Perdicula,manipurensis,https://dx.doi.org/10.2305/IUCN.UK.2024-2.RLTS.T22679012A218880247.en,Unknown,True
22679330,Syrmaticus humiae,Vulnerable,C2a(i),ANIMALIA,CHORDATA,AVES,GALLIFORMES,PHASIANIDAE,Syrmaticus,humiae,https://dx.doi.org/10.2305/IUCN.UK.2023-1.RLTS.T22679330A218986656.en,Decreasing,True
200533196,Meyna pubescens,Vulnerable,B2ab(iii),PLANTAE,TRACHEOPHYTA,MAGNOLIOPSIDA,GENTIANALES,RUBIACEAE,Meyna,pubescens,https://dx.doi.org/10.2305/IUCN.UK.2024-1.RLTS.T200533196A218992481.en,Unknown,False
220761693,Lepisanthes andamanica,Vulnerable,B2ab(iii),PLANTAE,TRACHEOPHYTA,MAGNOLIOPSIDA,SAPINDALES,SAPINDACEAE,Lepisanthes,andamanica,https://dx.doi.org/10.2305/IUCN.UK.2024-1.RLTS.T220761693A220912087.en,Unknown,False
222291660,Syzygium sasidharanii,Critically Endangered,C2a(i),PLANTAE,TRACHEOPHYTA,MAGNOLIOPSIDA,MYRTALES,MYRTACEAE,Syzygium,sasidharanii,https://dx.doi.org/10.2305/IUCN.UK.2023-1.RLTS.T222291660A222292347.en,Decreasing,False
222291715,Syzygium agastyamalayanum,Critically Endangered,B1ab(iii)+2ab(iii); D,PLANTAE,TRACHEOPHYTA,MAGNOLIOPSIDA,MYRTALES,MYRTACEAE,Syzygium,agastyamalayanum,https://dx.doi.org/10.2305/IUCN.UK.2023-1.RLTS.T222291715A222292384.en,Decreasing,False
222292291,Syzygium ponmudianum,Critically Endangered,B1ab(iii)+2ab(iii); D,PLANTAE,TRACHEOPHYTA,MAGNOLIOPSIDA,MYRTALES,MYRTACEAE,Syzygium,ponmudianum,https://dx.doi.org/10.2305/IUCN.UK.2023-1.RLTS.T222292291A222292498.en,Decreasing,False
31181,Buchanania barberi,Critically Endangered,"B2ab(iii,v); C2a(i,ii); D",PLANTAE,TRACHEOPHYTA,MAGNOLIOPSIDA,SAPINDALES,ANACARDIACEAE,Buchanania,barberi,,Decreasing,False
22693225,Tringa guttifer,Endangered,C2a(ii),ANIMALIA,CHORDATA,AVES,CHARADRIIFORMES,SCOLOPACIDAE,Tringa,guttifer,https://dx.doi.org/10.2305/IUCN.UK.2024-2.RLTS.T22693225A223484923.en,Decreasing,True
224100285,Planchonella longipetiolata,Vulnerable,B2ab(iii),PLANTAE,TRACHEOPHYTA,MAGNOLIOPSIDA,ERICALES,SAPOTACEAE,Planchonella,longipetiolata,https://dx.doi.org/10.2305/IUCN.UK.2024-1.RLTS.T224100285A224134652.en,Unknown,False
224088253,Gymnocladus burmanicus,Endangered,B2ab(iii),PLANTAE,TRACHEOPHYTA,MAGNOLIOPSIDA,FABALES,FABACEAE,Gymnocladus,burmanicus,https://dx.doi.org/10.2305/IUCN.UK.2024-1.RLTS.T224088253A224134657.en,Unknown,False
224071357,Albizia umbrosa,Endangered,B2ab(iii),PLANTAE,TRACHEOPHYTA,MAGNOLIOPSIDA,FABALES,FABACEAE,Albizia,umbrosa,https://dx.doi.org/10.2305/IUCN.UK.2024-2.RLTS.T224071357A224134662.en,Unknown,False
224106293,Tarenna helferi,Endangered,B2ab(iii),PLANTAE,TRACHEOPHYTA,MAGNOLIOPSIDA,GENTIANALES,RUBIACEAE,Tarenna,helferi,https://dx.doi.org/10.2305/IUCN.UK.2024-1.RLTS.T224106293A224134682.en,Unknown,False
224109482,Vaccinium piliferum,Endangered,B2ab(iii),PLANTAE,TRACHEOPHYTA,MAGNOLIOPSIDA,ERICALES,ERICACEAE,Vaccinium,piliferum,https://dx.doi.org/10.2305/IUCN.UK.2024-2.RLTS.T224109482A224134702.en,Unknown,True
224101293,Syzygium praetermissum,Vulnerable,B2ab(iii),PLANTAE,TRACHEOPHYTA,MAGNOLIOPSIDA,MYRTALES,MYRTACEAE,Syzygium,praetermissum,https://dx.doi.org/10.2305/IUCN.UK.2024-1.RLTS.T224101293A224134732.en,Unknown,False
224085585,Dillenia mansonii,Endangered,B2ab(iii),PLANTAE,TRACHEOPHYTA,MAGNOLIOPSIDA,DILLENIALES,DILLENIACEAE,Dillenia,mansonii,https://dx.doi.org/10.2305/IUCN.UK.2024-1.RLTS.T224085585A224134792.en,Unknown,False
224071631,Allophylus subfalcatus,Vulnerable,B2ab(iii),PLANTAE,TRACHEOPHYTA,MAGNOLIOPSIDA,SAPINDALES,SAPINDACEAE,Allophylus,subfalcatus,https://dx.doi.org/10.2305/IUCN.UK.2024-1.RLTS.T224071631A224134827.en,Unknown,False
224101709,Syzygium venustum,Endangered,B2ab(iii),PLANTAE,TRACHEOPHYTA,MAGNOLIOPSIDA,MYRTALES,MYRTACEAE,Syzygium,venustum,https://dx.doi.org/10.2305/IUCN.UK.2024-1.RLTS.T224101709A224134837.en,Unknown,True
22729465,Spilornis klossi,Endangered,D,ANIMALIA,CHORDATA,AVES,ACCIPITRIFORMES,ACCIPITRIDAE,Spilornis,klossi,https://dx.doi.org/10.2305/IUCN.UK.2023-1.RLTS.T22729465A224811039.en,Unknown,True
225970375,Madhuca balakrishnanii,Critically Endangered,A2c; B1ab(iii)+2ab(iii); D,PLANTAE,TRACHEOPHYTA,MAGNOLIOPSIDA,ERICALES,SAPOTACEAE,Madhuca,balakrishnanii,https://dx.doi.org/10.2305/IUCN.UK.2023-1.RLTS.T225970375A225970391.en,Decreasing,False
226499453,Elaeocarpus weibelii,Endangered,B2ab(iii),PLANTAE,TRACHEOPHYTA,MAGNOLIOPSIDA,OXALIDALES,ELAEOCARPACEAE,Elaeocarpus,weibelii,https://dx.doi.org/10.2305/IUCN.UK.2024-1.RLTS.T226499453A226499542.en,Unknown,True
37314,Myristica magnifica,Vulnerable,A2c,PLANTAE,TRACHEOPHYTA,MAGNOLIOPSIDA,MAGNOLIALES,MYRISTICACEAE,Myristica,magnifica,https://dx.doi.org/10.2305/IUCN.UK.2024-2.RLTS.T37314A226834730.en,Decreasing,True
228007161,Wrightia indica,Critically Endangered,D,PLANTAE,TRACHEOPHYTA,MAGNOLIOPSIDA,GENTIANALES,APOCYNACEAE,Wrightia,indica,https://dx.doi.org/10.2305/IUCN.UK.2024-1.RLTS.T228007161A228009889.en,Unknown,False
228007388,Croton gibsonianus,Critically Endangered,B1ab(iii)+2ab(iii),PLANTAE,TRACHEOPHYTA,MAGNOLIOPSIDA,MALPIGHIALES,EUPHORBIACEAE,Croton,gibsonianus,https://dx.doi.org/10.2305/IUCN.UK.2024-1.RLTS.T228007388A228009899.en,Unknown,True
22695494,Accipiter butleri,Vulnerable,"B1ab(ii,iii,iv)+2ab(ii,iii,iv)",ANIMALIA,CHORDATA,AVES,ACCIPITRIFORMES,ACCIPITRIDAE,Accipiter,butleri,https://dx.doi.org/10.2305/IUCN.UK.2023-1.RLTS.T22695494A230038665.en,Decreasing,True
82031633,Sousa plumbea,Endangered,A2cd+3cd+4cd,ANIMALIA,CHORDATA,MAMMALIA,ARTIODACTYLA,DELPHINIDAE,Sousa,plumbea,https://dx.doi.org/10.2305/IUCN.UK.2023-1.RLTS.T82031633A230253271.en,Decreasing,True
33007,Dipterocarpus alatus,Vulnerable,A2cd,PLANTAE,TRACHEOPHYTA,MAGNOLIOPSIDA,MALVALES,DIPTEROCARPACEAE,Dipterocarpus,alatus,https://dx.doi.org/10.2305/IUCN.UK.2023-1.RLTS.T33007A231194805.en,Decreasing,False
22715856,Pellorneum palustre,Vulnerable,"B1ab(ii,iii,iv,v)+2ab(ii,iii,iv,v)",ANIMALIA,CHORDATA,AVES,PASSERIFORMES,PELLORNEIDAE,Pellorneum,palustre,https://dx.doi.org/10.2305/IUCN.UK.2024-2.RLTS.T22715856A234075458.en,Decreasing,True
239578615,Strobilanthes kunthiana,Vulnerable,A2c,PLANTAE,TRACHEOPHYTA,MAGNOLIOPSIDA,LAMIALES,ACANTHACEAE,Strobilanthes,kunthiana,https://dx.doi.org/10.2305/IUCN.UK.2024-1.RLTS.T239578615A239579829.en,Decreasing,True
239578975,Impatiens parasitica,Vulnerable,A2c,PLANTAE,TRACHEOPHYTA,MAGNOLIOPSIDA,ERICALES,BALSAMINACEAE,Impatiens,parasitica,https://dx.doi.org/10.2305/IUCN.UK.2024-1.RLTS.T239578975A239579834.en,Decreasing,True
239579056,Medinilla anamalaiana,Endangered,D,PLANTAE,TRACHEOPHYTA,MAGNOLIOPSIDA,MYRTALES,MELASTOMATACEAE,Medinilla,anamalaiana,https://dx.doi.org/10.2305/IUCN.UK.2023-1.RLTS.T239579056A239579839.en,Decreasing,False
239855551,Ixora agasthyamalayana,Vulnerable,D2,PLANTAE,TRACHEOPHYTA,MAGNOLIOPSIDA,GENTIANALES,RUBIACEAE,Ixora,agasthyamalayana,https://dx.doi.org/10.2305/IUCN.UK.2024-1.RLTS.T239855551A239856209.en,Unknown,False
239905380,Psychotria nudiflora,Vulnerable,B1ab(iii)+2ab(iii),PLANTAE,TRACHEOPHYTA,MAGNOLIOPSIDA,GENTIANALES,RUBIACEAE,Psychotria,nudiflora,https://dx.doi.org/10.2305/IUCN.UK.2024-2.RLTS.T239905380A239905382.en,Unknown,False
239905390,Psychotria anamallayana,Vulnerable,B1ab(iii)+2ab(iii),PLANTAE,TRACHEOPHYTA,MAGNOLIOPSIDA,GENTIANALES,RUBIACEAE,Psychotria,anamallayana,https://dx.doi.org/10.2305/IUCN.UK.2024-2.RLTS.T239905390A239905392.en,Unknown,False
239905440,Nothopegia travancorica,Vulnerable,B2ab(iii),PLANTAE,TRACHEOPHYTA,MAGNOLIOPSIDA,SAPINDALES,ANACARDIACEAE,Nothopegia,travancorica,https://dx.doi.org/10.2305/IUCN.UK.2024-2.RLTS.T239905440A239905442.en,Unknown,False
239905600,Ficus cupulata,Endangered,B1ab(iii)+2ab(iii),PLANTAE,TRACHEOPHYTA,MAGNOLIOPSIDA,ROSALES,MORACEAE,Ficus,cupulata,https://dx.doi.org/10.2305/IUCN.UK.2024-2.RLTS.T239905600A239905602.en,Decreasing,False
239905630,Ehretia wightiana,Vulnerable,B2ab(iii),PLANTAE,TRACHEOPHYTA,MAGNOLIOPSIDA,BORAGINALES,EHRETIACEAE,Ehretia,wightiana,https://dx.doi.org/10.2305/IUCN.UK.2024-2.RLTS.T239905630A239905632.en,Unknown,False
239906076,Psychotria connata,Vulnerable,B1ab(iii)+2ab(iii),PLANTAE,TRACHEOPHYTA,MAGNOLIOPSIDA,GENTIANALES,RUBIACEAE,Psychotria,connata,https://dx.doi.org/10.2305/IUCN.UK.2024-2.RLTS.T239906076A239906078.en,Unknown,False
22681585,Mulleripicus pulverulentus,Vulnerable,A2cd+3cd+4cd,ANIMALIA,CHORDATA,AVES,PICIFORMES,PICIDAE,Mulleripicus,pulverulentus,https://dx.doi.org/10.2305/IUCN.UK.2023-1.RLTS.T22681585A241500854.en,Decreasing,True
242376348,Dipcadi saxorum,Endangered,"B2ab(iii,v)",PLANTAE,TRACHEOPHYTA,LILIOPSIDA,ASPARAGALES,ASPARAGACEAE,Dipcadi,saxorum,https://dx.doi.org/10.2305/IUCN.UK.2024-2.RLTS.T242376348A242530926.en,Decreasing,False
22680064,Asarcornis scutulata,Critically Endangered,A2bcde+3bcde+4bcde; C1+2a(i),ANIMALIA,CHORDATA,AVES,ANSERIFORMES,ANATIDAE,Asarcornis,scutulata,https://dx.doi.org/10.2305/IUCN.UK.2024-2.RLTS.T22680064A244637841.en,Decreasing,True
247297998,Coleus idukkianus,Endangered,B1ab(iii)+2ab(iii),PLANTAE,TRACHEOPHYTA,MAGNOLIOPSIDA,LAMIALES,LAMIACEAE,Coleus,idukkianus,https://dx.doi.org/10.2305/IUCN.UK.2024-1.RLTS.T247297998A247298014.en,Unknown,False
4615,Chelonia mydas,Endangered,A2bd,ANIMALIA,CHORDATA,REPTILIA,TESTUDINES,CHELONIIDAE,Chelonia,mydas,https://dx.doi.org/10.2305/IUCN.UK.2023-1.RLTS.T4615A247654386.en,Decreasing,True
103874145,Montecincla jerdoni,Endangered,B1ab(iii)+2ab(iii),ANIMALIA,CHORDATA,AVES,PASSERIFORMES,LEIOTRICHIDAE,Montecincla,jerdoni,https://dx.doi.org/10.2305/IUCN.UK.2024-2.RLTS.T103874145A249695988.en,Decreasing,True
103874754,Montecincla meridionalis,Vulnerable,B1ab(iii)+2ab(iii),ANIMALIA,CHORDATA,AVES,PASSERIFORMES,LEIOTRICHIDAE,Montecincla,meridionalis,https://dx.doi.org/10.2305/IUCN.UK.2024-2.RLTS.T103874754A249819859.en,Decreasing,True
22716795,Paradoxornis flavirostris,Vulnerable,"B2ab(ii,iii,iv,v); C2a(i)",ANIMALIA,CHORDATA,AVES,PASSERIFORMES,PARADOXORNITHIDAE,Paradoxornis,flavirostris,https://dx.doi.org/10.2305/IUCN.UK.2024-2.RLTS.T22716795A250442182.en,Decreasing,True
22716358,Argya longirostris,Vulnerable,B2ab(iii),ANIMALIA,CHORDATA,AVES,PASSERIFORMES,LEIOTRICHIDAE,Argya,longirostris,https://dx.doi.org/10.2305/IUCN.UK.2024-2.RLTS.T22716358A250900824.en,Decreasing,True
22734628,Liocichla bugunorum,Critically Endangered,D,ANIMALIA,CHORDATA,AVES,PASSERIFORMES,LEIOTRICHIDAE,Liocichla,bugunorum,https://dx.doi.org/10.2305/IUCN.UK.2024-2.RLTS.T22734628A253660338.en,Unknown,True
254095810,Ceropegia evansii,Endangered,"B2ab(iii,v); C2a(i); D",PLANTAE,TRACHEOPHYTA,MAGNOLIOPSIDA,GENTIANALES,APOCYNACEAE,Ceropegia,evansii,https://dx.doi.org/10.2305/IUCN.UK.2024-1.RLTS.T254095810A254095929.en,Decreasing,True
254095865,Ceropegia mohanramii,Critically Endangered,"B1ab(i,ii,iii,v)+2ab(i,ii,iii,v); C2a(i,ii); D",PLANTAE,TRACHEOPHYTA,MAGNOLIOPSIDA,GENTIANALES,APOCYNACEAE,Ceropegia,mohanramii,https://dx.doi.org/10.2305/IUCN.UK.2024-1.RLTS.T254095865A254095961.en,Decreasing,False
22693749,Pluvialis squatarola,Vulnerable,A2bcd+4bcd,ANIMALIA,CHORDATA,AVES,CHARADRIIFORMES,CHARADRIIDAE,Pluvialis,squatarola,https://dx.doi.org/10.2305/IUCN.UK.2024-2.RLTS.T22693749A254375039.en,Decreasing,True
254475077,Ochradenus lakhpatensis,Endangered,B1ab(iii)+2ab(iii),PLANTAE,TRACHEOPHYTA,MAGNOLIOPSIDA,BRASSICALES,RESEDACEAE,Ochradenus,lakhpatensis,https://dx.doi.org/10.2305/IUCN.UK.2024-2.RLTS.T254475077A254475508.en,Decreasing,False
15954,Panthera pardus,Vulnerable,A2cd,ANIMALIA,CHORDATA,MAMMALIA,CARNIVORA,FELIDAE,Panthera,pardus,https://dx.doi.org/10.2305/IUCN.UK.2024-1.RLTS.T15954A254576956.en,Decreasing,True
22693447,Calidris subruficollis,Vulnerable,A2bc+4bc,ANIMALIA,CHORDATA,AVES,CHARADRIIFORMES,SCOLOPACIDAE,Calidris,subruficollis,https://dx.doi.org/10.2305/IUCN.UK.2024-2.RLTS.T22693447A256354281.en,Decreasing,True
2888,Bos javanicus,Critically Endangered,A2abcd+4cd,ANIMALIA,CHORDATA,MAMMALIA,ARTIODACTYLA,BOVIDAE,Bos,javanicus,https://dx.doi.org/10.2305/IUCN.UK.2024-2.RLTS.T2888A256426742.en,Decreasing,True
22693464,Calidris falcinellus,Vulnerable,A2bc+4bc,ANIMALIA,CHORDATA,AVES,CHARADRIIFORMES,SCOLOPACIDAE,Calidris,falcinellus,https://dx.doi.org/10.2305/IUCN.UK.2024-2.RLTS.T22693464A257323525.en,Decreasing,True
22685513,Belocercus longicaudus,Vulnerable,A2cd+3cd+4cd,ANIMALIA,CHORDATA,AVES,PSITTACIFORMES,PSITTACIDAE,Belocercus,longicaudus,https://dx.doi.org/10.2305/IUCN.UK.2024-2.RLTS.T22685513A258108195.en,Decreasing,True
219,Acinonyx jubatus,Vulnerable,A4b; C1,ANIMALIA,CHORDATA,MAMMALIA,CARNIVORA,FELIDAE,Acinonyx,jubatus,https://dx.doi.org/10.2305/IUCN.UK.2024-1.RLTS.T219A259025524.en,Decreasing,True
70205537,Arctonyx collaris,Vulnerable,A2cd+3cd+4cd,ANIMALIA,CHORDATA,MAMMALIA,CARNIVORA,MUSTELIDAE,Arctonyx,collaris,https://dx.doi.org/10.2305/IUCN.UK.2024-2.RLTS.T70205537A259343689.en,Decreasing,True
22037,Trachypithecus geei,Endangered,A2ac+4ac,ANIMALIA,CHORDATA,MAMMALIA,PRIMATES,CERCOPITHECIDAE,Trachypithecus,geei,https://dx.doi.org/10.2305/IUCN.UK.2024-2.RLTS.T22037A259357017.en,Decreasing,True
22041,Trachypithecus pileatus,Vulnerable,A2ac+3c,ANIMALIA,CHORDATA,MAMMALIA,PRIMATES,CERCOPITHECIDAE,Trachypithecus,pileatus,https://dx.doi.org/10.2305/IUCN.UK.2024-2.RLTS.T22041A259357527.en,Decreasing,True
30864,Diospyros crumenata,Critically Endangered,C2a(i),PLANTAE,TRACHEOPHYTA,MAGNOLIOPSIDA,ERICALES,EBENACEAE,Diospyros,crumenata,https://dx.doi.org/10.2305/IUCN.UK.2023-1.RLTS.T30864A261429932.en,Decreasing,False
15951,Panthera leo,Vulnerable,A2abcd,ANIMALIA,CHORDATA,MAMMALIA,CARNIVORA,FELIDAE,Panthera,leo,https://dx.doi.org/10.2305/IUCN.UK.2024-2.RLTS.T15951A266696959.en,Decreasing,True
242376417,Dipcadi ursulae,Endangered,"B2ab(iii,v)",PLANTAE,TRACHEOPHYTA,LILIOPSIDA,ASPARAGALES,ASPARAGACEAE,Dipcadi,ursulae,https://dx.doi.org/10.2305/IUCN.UK.2024-2.RLTS.T242376417A266877470.en,Decreasing,False
