internalTaxonId,scientificName,kingdomName,phylumName,className,orderName,familyName,genusName,speciesName,infraType,infraName,infraAuthority,subpopulationName,authority,taxonomicNotes
175221,Syzygium rama-varmae,PLANTAE,TRACHEOPHYTA,MAGNOLIOPSIDA,MYRTALES,MYRTACEAE,Syzygium,rama-varmae,,,,,(Bourd.) Chithra,"Bourdillon named the species as&#160;<span style=""font-style: italic;"">Eugenia rama-varmae&#160;</span>during 1904&#160;based on his collection from<span style=""font-style: italic;"">&#160;</span>Chemungi hills (1895)<em>&#160;</em>and later Gamble (1919)&#160;renamed as&#160;<em>Jambosa&#160;</em><span style=""font-style: italic;"">rama-varma. </span>Later Chithra (1983) placed it as&#160;<span style=""font-style: italic;"">Syzygium&#160;</span><span style=""font-style: italic;"">rama-varmae </span>(Bourd.) Chithra<span style=""font-style: italic;"">. </span>The collections of Henry 1979 and Shareef (2001- 2002) extended&#160; its distribution to Kanyakumari Wildlife Sanctuary and Munnar hills of Idukki district respectively. The species is locally termed as Manikiluki since the dried fruits sounds like a bead inside a box (rattle)."
186162,Raorchestes jayarami,ANIMALIA,CHORDATA,AMPHIBIA,ANURA,RHACOPHORIDAE,Raorchestes,jayarami,,,,,"(Biju &amp; Bossuyt, 2009)",
48886608,Minervarya sengupti,ANIMALIA,CHORDATA,AMPHIBIA,ANURA,DICROGLOSSIDAE,Minervarya,sengupti,,,,,"(Purkayastha &amp; Matsui, 2012)",
48874314,Nyctibatrachus deveni,ANIMALIA,CHORDATA,AMPHIBIA,ANURA,NYCTIBATRACHIDAE,Nyctibatrachus,deveni,,,,,"Biju, Van Bocxlaer, Mahony, Dinesh, Radhakrishnan, Zachariah, Giri &amp; Bossuyt, 2011",
48874474,Nyctibatrachus acanthodermis,ANIMALIA,CHORDATA,AMPHIBIA,ANURA,NYCTIBATRACHIDAE,Nyctibatrachus,acanthodermis,,,,,"Biju, Van Bocxlaer, Mahony, Dinesh, Radhakrishnan, Zachariah, Giri &amp; Bossuyt, 2011",
48874286,Nyctibatrachus gavi,ANIMALIA,CHORDATA,AMPHIBIA,ANURA,NYCTIBATRACHIDAE,Nyctibatrachus,gavi,,,,,"Biju, Van Bocxlaer, Mahony, Dinesh, Radhakrishnan, Zachariah, Giri &amp; Bossuyt, 2011",
48874266,Nyctibatrachus grandis,ANIMALIA,CHORDATA,AMPHIBIA,ANURA,NYCTIBATRACHIDAE,Nyctibatrachus,grandis,,,,,"Biju, Van Bocxlaer, Mahony, Dinesh, Radhakrishnan, Zachariah, Giri &amp; Bossuyt, 2011",
48874250,Nyctibatrachus indraneili,ANIMALIA,CHORDATA,AMPHIBIA,ANURA,NYCTIBATRACHIDAE,Nyctibatrachus,indraneili,,,,,"Biju, Van Bocxlaer, Mahony, Dinesh, Radhakrishnan, Zachariah, Giri &amp; Bossuyt, 2011",
48874225,Nyctibatrachus jog,ANIMALIA,CHORDATA,AMPHIBIA,ANURA,NYCTIBATRACHIDAE,Nyctibatrachus,jog,,,,,"Biju, Van Bocxlaer, Mahony, Dinesh, Radhakrishnan, Zachariah, Giri &amp; Bossuyt, 2011",
48874189,Nyctibatrachus pillaii,ANIMALIA,CHORDATA,AMPHIBIA,ANURA,NYCTIBATRACHIDAE,Nyctibatrachus,pillaii,,,,,"Biju, Van Bocxlaer, Mahony, Dinesh, Radhakrishnan, Zachariah, Giri &amp; Bossuyt, 2011",
48874217,Nyctibatrachus periyar,ANIMALIA,CHORDATA,AMPHIBIA,ANURA,NYCTIBATRACHIDAE,Nyctibatrachus,periyar,,,,,"Biju, Van Bocxlaer, Mahony, Dinesh, Radhakrishnan, Zachariah, Giri &amp; Bossuyt, 2011",
48873111,Nyctibatrachus vrijeuni,ANIMALIA,CHORDATA,AMPHIBIA,ANURA,NYCTIBATRACHIDAE,Nyctibatrachus,vrijeuni,,,,,"Biju, Van Bocxlaer, Mahony, Dinesh, Radhakrishnan, Zachariah, Giri &amp; Bossuyt, 2011",
48872923,Megophrys megacephala,ANIMALIA,CHORDATA,AMPHIBIA,ANURA,MEGOPHRYIDAE,Megophrys,megacephala,,,,,"Mahony, Sengupta, Kamei &amp; Biju, 2011","Lyu&#160;<em>et al</em>. (2021) listed this species in&#160;<em>Xenophrys&#160;</em>without comment, and this work was not a revision of&#160;<em>Megophrys</em>. This assessment retains it in&#160;<em>Megophrys</em>&#160;until generic boundaries are more stable."
61780183,Lagerstroemia hypoleuca,PLANTAE,TRACHEOPHYTA,MAGNOLIOPSIDA,MYRTALES,LYTHRACEAE,Lagerstroemia,hypoleuca,,,,,Kurz ,
61985348,Podophyllum hexandrum,PLANTAE,TRACHEOPHYTA,MAGNOLIOPSIDA,RANUNCULALES,BERBERIDACEAE,Podophyllum,hexandrum,,,,,Royle,
61987623,Canarium euphyllum,PLANTAE,TRACHEOPHYTA,MAGNOLIOPSIDA,SAPINDALES,BURSERACEAE,Canarium,euphyllum,,,,,Kurz,
61987931,Mesua ferrea,PLANTAE,TRACHEOPHYTA,MAGNOLIOPSIDA,MALPIGHIALES,CALOPHYLLACEAE,Mesua,ferrea,,,,,L.,
177756483,Phoebe bootanica,PLANTAE,TRACHEOPHYTA,MAGNOLIOPSIDA,LAURALES,LAURACEAE,Phoebe,bootanica,,,,,(Meisn.) M.Gangop.,
62038695,Citrus indica,PLANTAE,TRACHEOPHYTA,MAGNOLIOPSIDA,SAPINDALES,RUTACEAE,Citrus,indica,,,,,Yu.Tanaka,
208598052,Amolops monticola,ANIMALIA,CHORDATA,AMPHIBIA,ANURA,RANIDAE,Amolops,monticola,,,,,"(Anderson, 1871)",This is a restricted concept of this species which excludes subpopulations which are now assigned to other segregate species in the <em>Amolops</em>&#160;<em>monticola</em> group&#160;(Patel <em>et al</em>. 2021).
73786986,Raorchestes aureus,ANIMALIA,CHORDATA,AMPHIBIA,ANURA,RHACOPHORIDAE,Raorchestes,aureus,,,,,"Vijayakumar, Dinesh, Prabhu &amp; Shanker, 2014 ",
73787038,Raorchestes blandus,ANIMALIA,CHORDATA,AMPHIBIA,ANURA,RHACOPHORIDAE,Raorchestes,blandus,,,,,"Vijayakumar, Dinesh, Prabhu &amp; Shanker, 2014 ",
73787369,Raorchestes echinatus,ANIMALIA,CHORDATA,AMPHIBIA,ANURA,RHACOPHORIDAE,Raorchestes,echinatus,,,,,"Vijayakumar, Dinesh, Prabhu &amp; Shanker, 2014 ",
73788607,Hylarana flavescens,ANIMALIA,CHORDATA,AMPHIBIA,ANURA,RANIDAE,Hylarana,flavescens,,,,,(Jerdon 1853),Biju<em> et al</em>. (2014)&#160;recognized the species as distinct from&#160;<em>Indirana temporalis.</em>
73788764,Hylarana urbis,ANIMALIA,CHORDATA,AMPHIBIA,ANURA,RANIDAE,Hylarana,urbis,,,,,"Biju, Garg, Mahony, Wijayathilaka, Senevirathne &amp; Meggaskumbara, 2014",
73788782,Hylarana caesari,ANIMALIA,CHORDATA,AMPHIBIA,ANURA,RANIDAE,Hylarana,caesari,,,,,"Biju, Mahony, Wijayathilaka, Seneviranthne &amp; Meegaskumbura, 2014",It is possible that there is another species existing under this concept in the northern Western Ghats (A.D. Padhye pers. comm. September 2020).
73788833,Hylarana magna,ANIMALIA,CHORDATA,AMPHIBIA,ANURA,RANIDAE,Hylarana,magna,,,,,"Biju, Garg, Mahony, Wijayathilaka, Seneviranthne &amp; Meegaskumbura, 2014",
73959431,Micrixalus kurichiyari,ANIMALIA,CHORDATA,AMPHIBIA,ANURA,MICRIXALIDAE,Micrixalus,kurichiyari,,,,,"Biju, Garg, Gururaja, Shouche &amp; Walukar, 2014 ",
73960020,Micrixalus niluvasei,ANIMALIA,CHORDATA,AMPHIBIA,ANURA,MICRIXALIDAE,Micrixalus,niluvasei,,,,,"Biju, Garg, Gururaja, Shouche &amp; Walukar, 2014",
73960040,Micrixalus sairandhri,ANIMALIA,CHORDATA,AMPHIBIA,ANURA,MICRIXALIDAE,Micrixalus,sairandhri,,,,,"Biju, Garg, Gururaja, Shouche &amp; Walukar, 2014",
73961281,Micrixalus spelunca,ANIMALIA,CHORDATA,AMPHIBIA,ANURA,MICRIXALIDAE,Micrixalus,spelunca,,,,,"Biju, Garg, Gururaja, Shouche &amp; Walukar, 2014",
73963691,Micrixalus uttaraghati,ANIMALIA,CHORDATA,AMPHIBIA,ANURA,MICRIXALIDAE,Micrixalus,uttaraghati,,,,,"Biju, Garg, Gururaja, Shouche &amp; Walukar, 2014",
73964539,Micrixalus adonis,ANIMALIA,CHORDATA,AMPHIBIA,ANURA,MICRIXALIDAE,Micrixalus,adonis,,,,,"Biju, Garg, Gururaja, Shouche &amp; Walukar, 2014 ","Chaitanya <em>et al</em>. (2018) assigned to <em>Micrixalus </em>cf. <em>adonis</em> specimens found in Meghamalai Wildlife Sanctuary, although precise recording sites were not provided and they are not included in the distribution map or extent of occurrence (EOO) until further taxonomic work has been carried out."
73965400,Micrixalus mallani,ANIMALIA,CHORDATA,AMPHIBIA,ANURA,MICRIXALIDAE,Micrixalus,mallani,,,,,"Biju, Garg, Gururaja, Shouche &amp; Walukar, 2014",
73965533,Micrixalus nudis,ANIMALIA,CHORDATA,AMPHIBIA,ANURA,MICRIXALIDAE,Micrixalus,nudis,,,,,"Pillai, 1978","This is a restricted concept of this species following the split of the broader concept into this and <em>Micrixalus sali </em>(Biju <em>et al.</em> 2014). According to Biju <em>et al.</em> (2014), subpopulations&#160;from Siruvani and surrounding regions now belong to <em>M. thampii</em>."
73967847,Micrixalus sali,ANIMALIA,CHORDATA,AMPHIBIA,ANURA,MICRIXALIDAE,Micrixalus,sali,,,,,"Biju, Garg, Gururaja, Shouche &amp; Walujkar, 2014",This is a split from the broader concept of <em>Micrixalus nudis</em> (Biju <em>et al</em>. 2014).
73967876,Micrixalus frigidus,ANIMALIA,CHORDATA,AMPHIBIA,ANURA,MICRIXALIDAE,Micrixalus,frigidus,,,,,"Biju, Garg, Gururaja, Shouche &amp; Walujkar, 2014",
73967915,Micrixalus nigraventris,ANIMALIA,CHORDATA,AMPHIBIA,ANURA,MICRIXALIDAE,Micrixalus,nigraventris,,,,,"Biju, Garg, Gururaja, Shouche &amp; Walujkar, 2014",
73971314,Micrixalus specca,ANIMALIA,CHORDATA,AMPHIBIA,ANURA,MICRIXALIDAE,Micrixalus,specca,,,,,"Biju, Garg, Gururaja, Shouche &amp; Walujkar, 2014",This is a split from the broader concept of <em>Micrixalus saxicola</em> (Biju <em>et al.</em> 2014).
73972049,Micrixalus fuscus,ANIMALIA,CHORDATA,AMPHIBIA,ANURA,MICRIXALIDAE,Micrixalus,fuscus,,,,,"(Boulenger, 1882)",This is a restricted concept of this species following the split into this and <em>Micrixalus herrei</em> (Biju <em>et al.</em> 2014).
73972645,Micrixalus herrei,ANIMALIA,CHORDATA,AMPHIBIA,ANURA,MICRIXALIDAE,Micrixalus,herrei,,,,,"Myers, 1942",This species has been removed from the synonymy of <em>Micrixalus fuscus</em> (Biju <em>et al</em>. 2014).
191004,Minervarya chilapata,ANIMALIA,CHORDATA,AMPHIBIA,ANURA,DICROGLOSSIDAE,Minervarya,chilapata,,,,,"Ohler, Deuti, Grosjean, Paul, Ayyaswamy, Ahmed &amp; Dutta, 2009",
189814,Raorchestes resplendens,ANIMALIA,CHORDATA,AMPHIBIA,ANURA,RHACOPHORIDAE,Raorchestes,resplendens,,,,,"Biju, Shouche, Dubois, Dutta, &amp; Bossuyt, 2010",
87739329,Raorchestes flaviventris,ANIMALIA,CHORDATA,AMPHIBIA,ANURA,RHACOPHORIDAE,Raorchestes,flaviventris,,,,,"(Boulenger, 1882)","This is a restricted concept of this species following the split of the broader concept into this and <em>Raorchestes hassanensis</em> (Abraham <em>et al</em>. 2015).<br/><br/>Up until recently this species was known only from the type series collected in 1882. It was rediscovered and published as a new species,&#160;<em>R. emeraldi</em>, by Vijayakumar&#160;<em>et al.&#160;</em>(2014), but Abraham&#160;<em>et al.&#160;</em>(2015) determined that these new specimens actually belonged to this species that had not been recorded for over 100 years."
87739247,Ghatixalus magnus,ANIMALIA,CHORDATA,AMPHIBIA,ANURA,RHACOPHORIDAE,Ghatixalus,magnus,,,,,"Abraham, Jobin, Cyriac, Zachariah, Raju &amp; Zachariah, 2015",
112690948,Nyctibatrachus athirappillyensis,ANIMALIA,CHORDATA,AMPHIBIA,ANURA,NYCTIBATRACHIDAE,Nyctibatrachus,athirappillyensis,,,,,"Garg, Suyesh, Sukesan &amp; Biju, 2017",
112691330,Nyctibatrachus pulivijayani,ANIMALIA,CHORDATA,AMPHIBIA,ANURA,NYCTIBATRACHIDAE,Nyctibatrachus,pulivijayani,,,,,"Garg, Suyesh, Sukesan &amp; Biju, 2017",
112691501,Nyctibatrachus sabarimalai,ANIMALIA,CHORDATA,AMPHIBIA,ANURA,NYCTIBATRACHIDAE,Nyctibatrachus,sabarimalai,,,,,"Garg, Suyesh, Sukesan &amp; Biju, 2017",
112691545,Nyctibatrachus webilla,ANIMALIA,CHORDATA,AMPHIBIA,ANURA,NYCTIBATRACHIDAE,Nyctibatrachus,webilla,,,,,"Garg, Suyesh, Sukesan &amp; Biju, 2017",
253632034,Syzygium stocksii,PLANTAE,TRACHEOPHYTA,MAGNOLIOPSIDA,MYRTALES,MYRTACEAE,Syzygium,stocksii,,,,,(Duthie) Gamble,<em>Syzygium stocksii</em>&#160;and&#160;<em>S. travancoricum&#160;</em>have been merged (Byng&#160;<em>et al.</em>&#160;2015) and treated under the earlier valid name&#160;<em>S. stocksii</em>.
31219,Myristica malabarica,PLANTAE,TRACHEOPHYTA,MAGNOLIOPSIDA,MAGNOLIALES,MYRISTICACEAE,Myristica,malabarica,,,,,Lam.,
36652,Aglaia malabarica,PLANTAE,TRACHEOPHYTA,MAGNOLIOPSIDA,SAPINDALES,MELIACEAE,Aglaia,malabarica,,,,,Sasidh.,
33642,Elaeocarpus recurvatus,PLANTAE,TRACHEOPHYTA,MAGNOLIOPSIDA,OXALIDALES,ELAEOCARPACEAE,Elaeocarpus,recurvatus,,,,,Corner,
117894243,Canarium strictum,PLANTAE,TRACHEOPHYTA,MAGNOLIOPSIDA,SAPINDALES,BURSERACEAE,Canarium,strictum,,,,,Roxb.,
31199,Syzygium occidentale,PLANTAE,TRACHEOPHYTA,MAGNOLIOPSIDA,MYRTALES,MYRTACEAE,Syzygium,occidentale,,,,,(Bourd.) Gandhi,
38821,Syzygium parameswaranii,PLANTAE,TRACHEOPHYTA,MAGNOLIOPSIDA,MYRTALES,MYRTACEAE,Syzygium,parameswaranii,,,,,M.Mohanan &amp; A.N.Henry,
31170,Vateria macrocarpa,PLANTAE,TRACHEOPHYTA,MAGNOLIOPSIDA,MALVALES,DIPTEROCARPACEAE,Vateria,macrocarpa,,,,,B.L.Gupta,
119048736,Viburnum hebanthum,PLANTAE,TRACHEOPHYTA,MAGNOLIOPSIDA,DIPSACALES,VIBURNACEAE,Viburnum,hebanthum,,,,,Wight &amp; Arn.,
119243084,Indirana paramakri,ANIMALIA,CHORDATA,AMPHIBIA,ANURA,RANIXALIDAE,Indirana,paramakri,,,,,"Garg &amp; Biju, 2016",
119243159,Indirana tysoni,ANIMALIA,CHORDATA,AMPHIBIA,ANURA,RANIXALIDAE,Indirana,tysoni,,,,,"Dahanukar, Modak, Krutha, Nameer, Padhye &amp; Molur, 2016",
119243173,Indirana yadera,ANIMALIA,CHORDATA,AMPHIBIA,ANURA,RANIXALIDAE,Indirana,yadera,,,,,"Dahanukar, Modak, Krutha, Nameer, Padhye &amp; Molur, 2016",Records from Anamada in the Nelliyampathy Hills of Palakkad district (Afthab&#160;<em>et al.</em>&#160;2018) require molecular studies to confirm its presence (N. Modak pers. comm. October 2020).
129335824,Palaquium polyanthum,PLANTAE,TRACHEOPHYTA,MAGNOLIOPSIDA,ERICALES,SAPOTACEAE,Palaquium,polyanthum,,,,,(Wall. ex G.Don) Baill.,
31220,Actinodaphne bourneae,PLANTAE,TRACHEOPHYTA,MAGNOLIOPSIDA,LAURALES,LAURACEAE,Actinodaphne,bourneae,,,,,Gamble,
33497,Litsea leiantha,PLANTAE,TRACHEOPHYTA,MAGNOLIOPSIDA,LAURALES,LAURACEAE,Litsea,leiantha,,,,,(Kurz) Hook.f.,
62565,Actinodaphne campanulata,PLANTAE,TRACHEOPHYTA,MAGNOLIOPSIDA,LAURALES,LAURACEAE,Actinodaphne,campanulata,,,,,Hook.f.,
144052276,Beilschmiedia aborensis,PLANTAE,TRACHEOPHYTA,MAGNOLIOPSIDA,LAURALES,LAURACEAE,Beilschmiedia,aborensis,,,,,Kosterm.,
144053300,Beilschmiedia andamanensis,PLANTAE,TRACHEOPHYTA,MAGNOLIOPSIDA,LAURALES,LAURACEAE,Beilschmiedia,andamanensis,,,,,M.Gangop.,
144056383,Beilschmiedia brandisii,PLANTAE,TRACHEOPHYTA,MAGNOLIOPSIDA,LAURALES,LAURACEAE,Beilschmiedia,brandisii,,,,,Hook.f.,
145290519,Beilschmiedia sikkimensis,PLANTAE,TRACHEOPHYTA,MAGNOLIOPSIDA,LAURALES,LAURACEAE,Beilschmiedia,sikkimensis,,,,,King ex Hook.f.,
145301615,Cinnamomum bhaskarii,PLANTAE,TRACHEOPHYTA,MAGNOLIOPSIDA,LAURALES,LAURACEAE,Cinnamomum,bhaskarii,,,,,M.Gangop.,
145301728,Cinnamomum bishnupadae,PLANTAE,TRACHEOPHYTA,MAGNOLIOPSIDA,LAURALES,LAURACEAE,Cinnamomum,bishnupadae,,,,,M.Gangop.,
145301965,Cinnamomum blandfordii,PLANTAE,TRACHEOPHYTA,MAGNOLIOPSIDA,LAURALES,LAURACEAE,Cinnamomum,blandfordii,,,,,M.Gangop.,
145310645,Cinnamomum kingdon-wardii,PLANTAE,TRACHEOPHYTA,MAGNOLIOPSIDA,LAURALES,LAURACEAE,Cinnamomum,kingdon-wardii,,,,,Kosterm.,
145311979,Cinnamomum lohitensis,PLANTAE,TRACHEOPHYTA,MAGNOLIOPSIDA,LAURALES,LAURACEAE,Cinnamomum,lohitensis,,,,,M.Gangop.,
145344026,Cinnamomum sanjappae,PLANTAE,TRACHEOPHYTA,MAGNOLIOPSIDA,LAURALES,LAURACEAE,Cinnamomum,sanjappae,,,,,M.Gangop.,
145404323,Cinnamomum suvrae,PLANTAE,TRACHEOPHYTA,MAGNOLIOPSIDA,LAURALES,LAURACEAE,Cinnamomum,suvrae,,,,,M.Gangop.,
37611,Euphorbia vajravelui,PLANTAE,TRACHEOPHYTA,MAGNOLIOPSIDA,MALPIGHIALES,EUPHORBIACEAE,Euphorbia,vajravelui,,,,,Binojk. &amp; N.P.Balakr.,This species has two varieties; <em>Euphorbia vajravelui</em> var. <em>theniensis</em> B.De Jong &amp; R.W.Stewart and <em>Euphorbia vajravelui</em> var. <em>vajravelui.</em>
149680126,Mysticellus franki,ANIMALIA,CHORDATA,AMPHIBIA,ANURA,MICROHYLIDAE,Mysticellus,franki,,,,,"Garg &amp; Biju, 2019",
149682598,Leptobrachella lateralis,ANIMALIA,CHORDATA,AMPHIBIA,ANURA,MEGOPHRYIDAE,Leptobrachella,lateralis,,,,,"(Anderson, 1871)",The holotype of this species was lost and the type locality is unknown. It was suspected to potentially be in the surroundings of Bhamo in Myanmar but this has not been confirmed. A neotype was assigned by Humtsoe <em>et al. </em>(2008) from Nagaland in northeast India.
31200,Syzygium palghatense,PLANTAE,TRACHEOPHYTA,MAGNOLIOPSIDA,MYRTALES,MYRTACEAE,Syzygium,palghatense,,,,,Gamble,"Gamble, in 1918, named the species as <em>Syzygium palghatense</em> based on the herbarium specimen collected by Beddome (1872; K! 254) which was described earlier as <em>Eugenia beddomei</em> by Duthie in 1878. The species was rediscovered after a lapse of 140 years with a first time description of the mature fruits (Sujanapal and Sasidharan 2002)."
32866,Syzygium bourdillonii,PLANTAE,TRACHEOPHYTA,MAGNOLIOPSIDA,MYRTALES,MYRTACEAE,Syzygium,bourdillonii,,,,,(Gamble) Rathakr. &amp; Nair,
150087536,Megophrys flavipunctata,ANIMALIA,CHORDATA,AMPHIBIA,ANURA,MEGOPHRYIDAE,Megophrys,flavipunctata,,,,,"Mahony, Kamei, Teeling &amp; Biju, 2018","This is a split from the broader concept of&#160;<em>Megophrys major</em>&#160;(Mahony&#160;<em>et al.</em>&#160;2018).&#160;<br/><br/>Lyu&#160;<em>et al</em>. (2021) listed this species in&#160;<em>Xenophrys&#160;</em>without comment, and this work was not a revision of&#160;<em>Megophrys</em>. This assessment retains it in&#160;<em>Megophrys</em>&#160;until generic boundaries are more stable."
150087712,Megophrys himalayana,ANIMALIA,CHORDATA,AMPHIBIA,ANURA,MEGOPHRYIDAE,Megophrys,himalayana,,,,,"Mahony, Kamei, Teeling &amp; Biju, 2018","This is a split from the broader concept of&#160;<em>Megophrys major</em>&#160;(Mahony&#160;<em>et al.</em>&#160;2018).<br/><br/>Lyu&#160;<em>et al</em>. (2021) listed this species in&#160;<em>Xenophrys&#160;</em>without comment, and this work was not a revision of&#160;<em>Megophrys</em>. This assessment retains it in&#160;<em>Megophrys</em>&#160;until generic boundaries are more stable."
150087877,Megophrys oreocrypta,ANIMALIA,CHORDATA,AMPHIBIA,ANURA,MEGOPHRYIDAE,Megophrys,oreocrypta,,,,,"Mahony, Kamei, Teeling &amp; Biju, 2018","This is a split from the broader concept of <em>Megophrys major</em> (Mahony <em>et al.</em> 2018).<br/><br/>Lyu&#160;<em>et al</em>. (2021) listed this species in&#160;<em>Xenophrys&#160;</em>without comment, and this work was not a revision of&#160;<em>Megophrys</em>. This assessment retains it in&#160;<em>Megophrys</em>&#160;until generic boundaries are more stable."
150087897,Megophrys periosa,ANIMALIA,CHORDATA,AMPHIBIA,ANURA,MEGOPHRYIDAE,Megophrys,periosa,,,,,"Mahony, Kamei, Teeling &amp; Biju, 2018","This is a split from the broader concept of&#160;<em>Megophrys major</em>&#160;(Mahony&#160;<em>et al.</em>&#160;2018).<br/><br/>Lyu&#160;<em>et al</em>. (2021) listed this species in&#160;<em>Xenophrys&#160;</em>without comment, and this work was not a revision of&#160;<em>Megophrys</em>. This assessment retains it in&#160;<em>Megophrys</em>&#160;until generic boundaries are more stable.<br/><br/>Mahony&#160;<em>et al</em>.&#160;(2018) assigned to&#160;<em>Megophrys&#160;cf.&#160;periosa</em>&#160;specimens found in the state of Manipur State in India at Pangkava ju in the Ukhrul district, and in the state of Kachin in northern Myanmar at Hepu Stream in Hepu village in the Myitkyina district, at 820 m asl, but their relation to&#160;<em>M. periosa</em>&#160;requires further taxonomic investigation (S. Mahony pers. comm. September 2020)."
150088659,Microhyla laterite,ANIMALIA,CHORDATA,AMPHIBIA,ANURA,MICROHYLIDAE,Microhyla,laterite,,,,,"Seshadri, Singal, Priti, Ravikanth, Vidisha, Saurabh, Pratik &amp; Gururaja, 2016",
150213910,Alseodaphne owdenii,PLANTAE,TRACHEOPHYTA,MAGNOLIOPSIDA,LAURALES,LAURACEAE,Alseodaphne,owdenii,,,,,R.Parker,
150215092,Lindera melastomacea,PLANTAE,TRACHEOPHYTA,MAGNOLIOPSIDA,LAURALES,LAURACEAE,Lindera,melastomacea,,,,,Fern.-Vill.,
152958245,Litsea membranifolia,PLANTAE,TRACHEOPHYTA,MAGNOLIOPSIDA,LAURALES,LAURACEAE,Litsea,membranifolia,,,,,Hook.f.,
153112765,Litsea coelestis,PLANTAE,TRACHEOPHYTA,MAGNOLIOPSIDA,LAURALES,LAURACEAE,Litsea,coelestis,,,,,H.P.Tsui,
153115088,Litsea oleoides,PLANTAE,TRACHEOPHYTA,MAGNOLIOPSIDA,LAURALES,LAURACEAE,Litsea,oleoides,,,,,(Meisn.) Hook.f.,
153116010,Litsea assamica,PLANTAE,TRACHEOPHYTA,MAGNOLIOPSIDA,LAURALES,LAURACEAE,Litsea,assamica,,,,,Hook.f.,
153116061,Litsea mishmiensis,PLANTAE,TRACHEOPHYTA,MAGNOLIOPSIDA,LAURALES,LAURACEAE,Litsea,mishmiensis,,,,,Hook.f.,
209668480,Hylarana aurantiaca,ANIMALIA,CHORDATA,AMPHIBIA,ANURA,RANIDAE,Hylarana,aurantiaca,,,,,"(Boulenger, 1904)",The subpopulations in Sri Lanka have been assigned to <em>Indosylvirana serendipi</em>&#160;and<em> Hydrophylax gracilis&#160;</em>(Biju <em>et al.</em> 2014). These species have all been moved from<em> Indosylvirana</em>&#160;and <em>Hydrophylax</em> back to <em>Hylarana</em> (Dubois <em>et al</em>. 2021).
155993997,Syzygium avene,PLANTAE,TRACHEOPHYTA,MAGNOLIOPSIDA,MYRTALES,MYRTACEAE,Syzygium,avene,,,,,Miq.,
157146680,Actinodaphne andamanica,PLANTAE,TRACHEOPHYTA,MAGNOLIOPSIDA,LAURALES,LAURACEAE,Actinodaphne,andamanica,,,,,M.Gangop.,
157150683,Actinodaphne longipes,PLANTAE,TRACHEOPHYTA,MAGNOLIOPSIDA,LAURALES,LAURACEAE,Actinodaphne,longipes,,,,,Kosterm.,
158847184,Vitex wimberleyi,PLANTAE,TRACHEOPHYTA,MAGNOLIOPSIDA,LAMIALES,LAMIACEAE,Vitex,wimberleyi,,,,,Kurz,
159051467,Callicarpa moldenkeana,PLANTAE,TRACHEOPHYTA,MAGNOLIOPSIDA,LAMIALES,LAMIACEAE,Callicarpa,moldenkeana,,,,,A.Rajendran &amp; P.Daniel,
159074166,Cryptocarya andamanica,PLANTAE,TRACHEOPHYTA,MAGNOLIOPSIDA,LAURALES,LAURACEAE,Cryptocarya,andamanica,,,,,Hook.f.,
159079094,Cryptocarya balakrishnanii,PLANTAE,TRACHEOPHYTA,MAGNOLIOPSIDA,LAURALES,LAURACEAE,Cryptocarya,balakrishnanii,,,,,M.Gangop. &amp; Chakrab.,
159079733,Cryptocarya burkillii,PLANTAE,TRACHEOPHYTA,MAGNOLIOPSIDA,LAURALES,LAURACEAE,Cryptocarya,burkillii,,,,,M.Gangop.,"<p>As the species is only known from one specimen, more taxonomic and fieldwork is needed to check the validity of the species.&#160;<strong></strong></p>"
159080036,Cryptocarya cavei,PLANTAE,TRACHEOPHYTA,MAGNOLIOPSIDA,LAURALES,LAURACEAE,Cryptocarya,cavei,,,,,M.Gangop. &amp; Chakrab.,
159080601,Cryptocarya dekae,PLANTAE,TRACHEOPHYTA,MAGNOLIOPSIDA,LAURALES,LAURACEAE,Cryptocarya,dekae,,,,,M.Gangop.,
159103471,Cryptocarya insularis,PLANTAE,TRACHEOPHYTA,MAGNOLIOPSIDA,LAURALES,LAURACEAE,Cryptocarya,insularis,,,,,Vasudeva Rao &amp; Chakrab.,
159104035,Cryptocarya lawsonii,PLANTAE,TRACHEOPHYTA,MAGNOLIOPSIDA,LAURALES,LAURACEAE,Cryptocarya,lawsonii,,,,,Gamble,
159121187,Cryptocarya simonsii,PLANTAE,TRACHEOPHYTA,MAGNOLIOPSIDA,LAURALES,LAURACEAE,Cryptocarya,simonsii,,,,,M.Gangop.,
54478,Ghatophryne ornata,ANIMALIA,CHORDATA,AMPHIBIA,ANURA,BUFONIDAE,Ghatophryne,ornata,,,,,"(Günther, 1876)","There are taxonomic difficulties with this species, and it is possible that <em>Ansonia rubigina</em> is a synonym of it (S.D. Biju pers. comm. 2004). We depart from the taxonomy proposed by Dubois&#160;<em>et al</em>. (2021), who moved this species to the genus&#160;<em>Blaira,&#160;</em>on the basis that it was only published as&#160;<em>Ghatophryne</em>&#160;in an electronic-only journal prior to 2012. This assessment retains it in&#160;<em>Ghatophryne,&#160;</em>as it is the name registered with ZooBank."
54584,Duttaphrynus beddomii,ANIMALIA,CHORDATA,AMPHIBIA,ANURA,BUFONIDAE,Duttaphrynus,beddomii,,,,,"(Günther, 1876)",Many museum specimens assigned to <em>Bufo beddomii</em> are misidentifications (Biju 2001).
54593,Duttaphrynus brevirostris,ANIMALIA,CHORDATA,AMPHIBIA,ANURA,BUFONIDAE,Duttaphrynus,brevirostris,,,,,"(Rao, 1937)",Records from Kerala are misidentifications (Dinesh<em>&#160;et al. 2</em>009).
54684,Beduka koynayensis,ANIMALIA,CHORDATA,AMPHIBIA,ANURA,BUFONIDAE,Beduka,koynayensis,,,,,"(Soman, 1963)",This species has been moved from the genus <em>Xanthophryne </em>to<em> Beduka</em> by Dubois <em>et al</em>. (2021).
58203,Amolops chakrataensis,ANIMALIA,CHORDATA,AMPHIBIA,ANURA,RANIDAE,Amolops,chakrataensis,,,,,"Ray, 1992",
58273,Minervarya keralensis,ANIMALIA,CHORDATA,AMPHIBIA,ANURA,DICROGLOSSIDAE,Minervarya,keralensis,,,,,"(Dubois, 1981)","When the first assessment for this species was published (in 2004) it was under the generic name <em>Fejervarya</em>. In 2009, the species was transferred it to the genus <em>Zakerana</em>. <em>Zakerana</em> is now recognized as a junior synonym of <em>Fejervarya</em> (Dinesh <em>et al</em>. 2015), hence the species has been returned to the genus <em>Fejervarya</em>. This taxon has now been moved to the genus&#160;<em>Minervarya</em>&#160;(Sanchez&#160;<em>et al.&#160;</em>2018).<br/><br/>Several species might be currently confused under this name. Specimens collected in the northern part of its range have been found to belong to <em>Fejervarya pierrei</em> Dubois, 1975 (Biju 2001)."
197660098,Indirana beddomii,ANIMALIA,CHORDATA,AMPHIBIA,ANURA,RANIXALIDAE,Indirana,beddomii,,,,,"(Günther, 1876)","This is a restricted concept of this species following the reallocation of syntypes, previously assigned to this species, to <em>Indirana sarojamma</em> (Dahanukar <em>et al.</em> 2016). Records&#160;from Maharashtra have been re-assigned to&#160;<em>Indirana chiravasi</em>&#160;(Dahanukar&#160;<em>et al.</em>&#160;2016)."
58312,Walkerana leptodactyla,ANIMALIA,CHORDATA,AMPHIBIA,ANURA,RANIXALIDAE,Walkerana,leptodactyla,,,,,"(Boulenger, 1882)",This taxon has been moved to the genus <em>Walkerana</em> (Dahanukar<em> et al.</em> 2016).
58314,Walkerana phrynoderma,ANIMALIA,CHORDATA,AMPHIBIA,ANURA,RANIXALIDAE,Walkerana,phrynoderma,,,,,"(Boulenger, 1882)",This taxon has been moved to the genus&#160;<em>Walkerana</em>&#160;(Dahanukar <em>et al. </em>2016).
58377,Micrixalus elegans,ANIMALIA,CHORDATA,AMPHIBIA,ANURA,MICRIXALIDAE,Micrixalus,elegans,,,,,"(Rao, 1937)","The holotype of this species is lost, and the designation of a neotype is necessary if this proves to be a valid species. Rao (1937) originally described this species as <i>Philautus elegans</i>, but Bossuyt and Dubois (2001) transferred it from the genus <i>Philautus</i> to <i>Micrixalus</i>."
58379,Micrixalus gadgili,ANIMALIA,CHORDATA,AMPHIBIA,ANURA,MICRIXALIDAE,Micrixalus,gadgili,,,,,"Pillai &amp; Pattabiraman, 1990",
58383,Micrixalus phyllophilus,ANIMALIA,CHORDATA,AMPHIBIA,ANURA,MICRIXALIDAE,Micrixalus,phyllophilus,,,,,"(Jerdon, 1853)",
58385,Micrixalus silvaticus,ANIMALIA,CHORDATA,AMPHIBIA,ANURA,MICRIXALIDAE,Micrixalus,silvaticus,,,,,"(Boulenger, 1882)",Some records attributed to this species might not belong to it (India Red List Assessment Workshop 2004).
58387,Micrixalus thampii,ANIMALIA,CHORDATA,AMPHIBIA,ANURA,MICRIXALIDAE,Micrixalus,thampii,,,,,"Pillai, 1981",
58395,Nyctibatrachus aliciae,ANIMALIA,CHORDATA,AMPHIBIA,ANURA,NYCTIBATRACHIDAE,Nyctibatrachus,aliciae,,,,,"Inger, Shaffer, Koshy &amp; Bakde, 1984",
58399,Nyctibatrachus karnatakaensis,ANIMALIA,CHORDATA,AMPHIBIA,ANURA,NYCTIBATRACHIDAE,Nyctibatrachus,karnatakaensis,,,,,"Dinesh, Radhakrishnan, Manjunatha Reddy &amp; Gururaja, 2007","The original description of this species, as <em>Nyctibatrachus hussaini</em> (Krishnamurthy <em>et al</em>. 2001), did not provide any information about the type specimen. Hence, its taxonomy and nomenclature required further investigation and amendments (Biju 2001, Das and Kunte 2005, S.K. Dutta pers. comm.). Dinesh <em>et al</em>. (2007) provided the replacement name&#160;<em>Nyctibatrachus karnatakaensis</em>."
58401,Nyctibatrachus major,ANIMALIA,CHORDATA,AMPHIBIA,ANURA,NYCTIBATRACHIDAE,Nyctibatrachus,major,,,,,"Boulenger, 1882",This species was designated a lectotype and its range redelimited&#160;by&#160;Biju&#160;<em>et al.</em>&#160;(2011).
58402,Nyctibatrachus minor,ANIMALIA,CHORDATA,AMPHIBIA,ANURA,NYCTIBATRACHIDAE,Nyctibatrachus,minor,,,,,"Inger, Shaffer, Koshy and Bakde, 1984",
58403,Nyctibatrachus sanctipalustris,ANIMALIA,CHORDATA,AMPHIBIA,ANURA,NYCTIBATRACHIDAE,Nyctibatrachus,sanctipalustris,,,,,"Rao, 1920",Biju <em>et al</em>. (2011) has revised the taxonomy of this species and designated a lectotype.
58404,Nyctibatrachus sylvaticus,ANIMALIA,CHORDATA,AMPHIBIA,ANURA,NYCTIBATRACHIDAE,Nyctibatrachus,sylvaticus,,,,,"Rao, 1937","The holotype of this species is lost, hence Biju <em>et al.</em> (2011) designated a specimen collected in 2007 at Kempholey, Hassan district, Karnataka State as a neotype."
58571,Ingerana charlesdarwini,ANIMALIA,CHORDATA,AMPHIBIA,ANURA,DICROGLOSSIDAE,Ingerana,charlesdarwini,,,,,"(Das, 1998)","Research into the species validity needs to be prioritised. The key recommended conservation measures include taxonomic research on the generic allocation of this taxon (Das 1998, Chandramouli 2017, Harikrishnan and Vasudevan 2018)."
58788,Chirixalus dudhwaensis,ANIMALIA,CHORDATA,AMPHIBIA,ANURA,RHACOPHORIDAE,Chirixalus,dudhwaensis,,,,,"Ray, 1992","This species has been moved from&#160;<em>Chiromantis&#160;</em>to<em>&#160;Chirixalus</em>, following the removal of the latter genus from synonymy of the former (Chen&#160;<em>et al</em>. 2020)."
58829,Raorchestes chalazodes,ANIMALIA,CHORDATA,AMPHIBIA,ANURA,RHACOPHORIDAE,Raorchestes,chalazodes,,,,,"(Günther, 1876)","Bossuyt and Dubois (2001) suggested that this species could be a synonym of <em>Ixalus beddomii</em> Günther, 1876. However, subsequent studies indicate that both species are distinct (Biju and Bossuyt 2009, Garg <em>et al. </em>2021)."
58847,Raorchestes glandulosus,ANIMALIA,CHORDATA,AMPHIBIA,ANURA,RHACOPHORIDAE,Raorchestes,glandulosus,,,,,"(Jerdon, 1853)",Bossuyt and Dubois (2001) designated a neotype for this species after the type specimen was lost.
58849,Raorchestes griet,ANIMALIA,CHORDATA,AMPHIBIA,ANURA,RHACOPHORIDAE,Raorchestes,griet,,,,,"(Bossuyt, 2002)",
58876,Philautus namdaphaensis,ANIMALIA,CHORDATA,AMPHIBIA,ANURA,RHACOPHORIDAE,Philautus,namdaphaensis,,,,,"Sarkar &amp; Sanyal, 1985",
58903,Raorchestes signatus,ANIMALIA,CHORDATA,AMPHIBIA,ANURA,RHACOPHORIDAE,Raorchestes,signatus,,,,,"(Boulenger, 1882)","Garg&#160;<em>et al.&#160;</em>(2021) compared the two known specimens of&#160;<em>Raorchestes thodai&#160;</em>morphologically with this species and found there was no clear distinction between the two taxa. In addition despite further surveys over the previous decade, no further specimens of&#160;<em>Raorchestes thodai&#160;</em>have been collected and no observations of individuals, which further supports the likelihood that&#160;<em>Raorchestes thodai&#160;</em>is a junior synonym of&#160;this species&#160;(Garg&#160;<em>et al.&#160;</em>2021)."
58926,Raorchestes tinniens,ANIMALIA,CHORDATA,AMPHIBIA,ANURA,RHACOPHORIDAE,Raorchestes,tinniens,,,,,"(Jerdon, 1853)","<em>Raorchestes punctatus</em> and R<em>. melanensis</em> (collected by Rao in Karnataka) are considered to be synonyms of this species (Bossuyt and Dubois 2001), but further studies are required to confirm this relationship (S.D. Biju pers. comm.)."
58927,Raorchestes travancoricus,ANIMALIA,CHORDATA,AMPHIBIA,ANURA,RHACOPHORIDAE,Raorchestes,travancoricus,,,,,"(Boulenger, 1891)",
58983,Rhacophorus calcadensis,ANIMALIA,CHORDATA,AMPHIBIA,ANURA,RHACOPHORIDAE,Rhacophorus,calcadensis,,,,,"Ahl, 1927",
59027,Ghatixalus variabilis,ANIMALIA,CHORDATA,AMPHIBIA,ANURA,RHACOPHORIDAE,Ghatixalus,variabilis,,,,,"(Jerdon, 1854)","This taxon was transfered to the new genus <span style=""font-style: italic;"">Ghatixalus</span> and is considered to be the sister species of <span style=""font-style: italic;"">Ghatixalus asterops </span>(Biju <span style=""font-style: italic;"">et al.</span> 2008)."
61850,Uperodon assamensis,ANIMALIA,CHORDATA,AMPHIBIA,ANURA,MICROHYLIDAE,Uperodon,assamensis,,,,,"(Das, Sengupta, Ahmed &amp; Dutta, 2005)",Transferred from <em>Kaloula</em> to <em>Uperodon</em> (Portik <em>et al</em>. 2023).
61885,Raorchestes nerostagona,ANIMALIA,CHORDATA,AMPHIBIA,ANURA,RHACOPHORIDAE,Raorchestes,nerostagona,,,,,"(Biju &amp; Bossuyt, 2005)",
135879,Megophrys zunhebotoensis,ANIMALIA,CHORDATA,AMPHIBIA,ANURA,MEGOPHRYIDAE,Megophrys,zunhebotoensis,,,,,"(Mathew &amp; Sen, 2007)","Lyu&#160;<em>et al</em>. (2021) listed this species in&#160;<em>Xenophrys&#160;</em>without comment, and this work was not a revision of&#160;<em>Megophrys</em>. This assessment retains it in&#160;<em>Megophrys</em>&#160;until generic boundaries are more stable."
136045,Nyctibatrachus minimus,ANIMALIA,CHORDATA,AMPHIBIA,ANURA,NYCTIBATRACHIDAE,Nyctibatrachus,minimus,,,,,"Biju, Van Bocxlaer, Giri, Roelants, Nagaraju &amp; Bossuyt, 2007",
136049,Minervarya nicobariensis,ANIMALIA,CHORDATA,AMPHIBIA,ANURA,DICROGLOSSIDAE,Minervarya,nicobariensis,,,,,"(Stoliczka, 1870)","The species named <em>Fejervarya nicobariensis</em> in the 2004 and 2006 IUCN Red List of Threatened Species was in fact <em>Hylarana nicobariensis</em>. The true <em>Fejervarya nicobariensis</em> was inadvertently omitted from the 2004 and 2006 IUCN Red Lists. In 2008 it was assessed. The validity of the species was affirmed by Dubois and Ohler (2000).<br/><br/>This taxon has been moved to the genus <em>Minervarya</em> (Sanchez <em>et al.</em> 2018). There is still some taxonomic uncertainty regards this species, and in particular the range limits need to be determined (S.R. Chandramouli pers. comm. 2020)."
158638,Amolops assamensis,ANIMALIA,CHORDATA,AMPHIBIA,ANURA,RANIDAE,Amolops,assamensis,,,,,"Sengupta, Hussain, Choudhury, Gogoi, Ahmed &amp; Choudhury, 2008","Assignment to <em>Amolops</em> based on     association of topotypic  larvae that were not grown to     adulthood; the generic assignment is  therefore provisional     (Frost 2020). Molecular analyses are expected to show that some specimens assigned to this species may belong to a different taxa, although this has not been confirmed (S.&#160;Jayaditya pers. comm. September 2020).<a href=""http://research.amnh.org/vz/herpetology/amphibia/?action=bib&amp;id=12671""></a>"
173018,Nyctibatrachus dattatreyaensis,ANIMALIA,CHORDATA,AMPHIBIA,ANURA,NYCTIBATRACHIDAE,Nyctibatrachus,dattatreyaensis,,,,,"Dinesh, Radhakrishnan &amp; Bhatta, 2008",
186160,Raorchestes chotta,ANIMALIA,CHORDATA,AMPHIBIA,ANURA,RHACOPHORIDAE,Raorchestes,chotta,,,,,"(Biju &amp; Bossuyt, 2009)",
186161,Raorchestes coonoorensis,ANIMALIA,CHORDATA,AMPHIBIA,ANURA,RHACOPHORIDAE,Raorchestes,coonoorensis,,,,,"(Biju &amp; Bossuyt, 2009)",
186163,Raorchestes kaikatti,ANIMALIA,CHORDATA,AMPHIBIA,ANURA,RHACOPHORIDAE,Raorchestes,kaikatti,,,,,"(Biju &amp; Bossuyt, 2009)",
186165,Raorchestes marki,ANIMALIA,CHORDATA,AMPHIBIA,ANURA,RHACOPHORIDAE,Raorchestes,marki,,,,,"(Biju &amp; Bossuyt, 2009)",
186166,Raorchestes sushili,ANIMALIA,CHORDATA,AMPHIBIA,ANURA,RHACOPHORIDAE,Raorchestes,sushili,,,,,"(Biju &amp; Bossuyt, 2009)",
187830,Raorchestes chromasynchysi,ANIMALIA,CHORDATA,AMPHIBIA,ANURA,RHACOPHORIDAE,Raorchestes,chromasynchysi,,,,,"(Biju &amp; Bossuyt, 2009)",
189700,Beduka amboli,ANIMALIA,CHORDATA,AMPHIBIA,ANURA,BUFONIDAE,Beduka,amboli,,,,,"Dubois, Ohler &amp; Pyron, 2021","This species has undergone a name change from <em>Xanthophryne tigerinus</em>, which was deemed invalid as it was published in an electronic journal only prior to 2012 (Dubois <em>et al</em>. 2021)."
78521208,Nyctibatrachus kumbara,ANIMALIA,CHORDATA,AMPHIBIA,ANURA,NYCTIBATRACHIDAE,Nyctibatrachus,kumbara,,,,,"Gururaja, Dinesh, Priti &amp; Ravikanth, 2014",
79080668,Megophrys oropedion,ANIMALIA,CHORDATA,AMPHIBIA,ANURA,MEGOPHRYIDAE,Megophrys,oropedion,,,,,"Mahony, Teeling &amp; Biju, 2013","This is a split from the broader concept of <em>Megophrys parva</em> (Mahony<em> et al.</em> 2013).<br/><br/>Lyu&#160;<em>et al</em>. (2021) listed this species in&#160;<em>Xenophrys&#160;</em>without comment, and this work was not a revision of&#160;<em>Megophrys</em>. This assessment retains it in&#160;<em>Megophrys</em>&#160;until generic boundaries are more stable."
79095367,Mercurana myristicapalustris,ANIMALIA,CHORDATA,AMPHIBIA,ANURA,RHACOPHORIDAE,Mercurana,myristicapalustris,,,,,"Abraham, Pyron, Ansil, Zachariah &amp; Zachariah, 2013",
79719834,Beddomixalus bijui,ANIMALIA,CHORDATA,AMPHIBIA,ANURA,RHACOPHORIDAE,Beddomixalus,bijui,,,,,"(Zachariah, Dinesh, Radhakrishnan, Kunhikrishnan, Palot &amp; Vishnudas, 2011)",
88368304,Megophrys vegrandis,ANIMALIA,CHORDATA,AMPHIBIA,ANURA,MEGOPHRYIDAE,Megophrys,vegrandis,,,,,"Mahony, Teeling, &amp; Biju, 2013","This is a split from the broader concept of <em>Megophrys boettgeri</em> (Mahony <em>et al.</em> 2013).<br/><br/>Lyu&#160;<em>et al</em>. (2021) listed this species in&#160;<em>Xenophrys&#160;</em>without comment, and this work was not a revision of&#160;<em>Megophrys</em>. This assessment retains it in&#160;<em>Megophrys</em>&#160;until generic boundaries are more stable."
88378128,Nyctibatrachus anamallaiensis,ANIMALIA,CHORDATA,AMPHIBIA,ANURA,NYCTIBATRACHIDAE,Nyctibatrachus,anamallaiensis,,,,,"(Myers, 1942)",This species has been resurrected from the synonymy of <em>Nyctibatrachus beddomii</em>&#160;by Biju <em>et al</em>. (2007).
89183211,Indirana salelkari,ANIMALIA,CHORDATA,AMPHIBIA,ANURA,RANIXALIDAE,Indirana,salelkari,,,,,"Modak, Dahanukar, Gosavi, &amp; Padhye, 2015",
121370882,Minervarya manoharani,ANIMALIA,CHORDATA,AMPHIBIA,ANURA,DICROGLOSSIDAE,Minervarya,manoharani,,,,,"(Garg &amp; Biju, 2017)",This is a split from the broader concept of <em>Minervarya&#160;rufescens </em>(as&#160;<em>Fejervarya&#160;</em><em>rufescens</em>) by&#160;Garg and Biju (2017).
165414176,Minervarya goemchi,ANIMALIA,CHORDATA,AMPHIBIA,ANURA,DICROGLOSSIDAE,Minervarya,goemchi,,,,,"(Dinesh, Kulkarni, Swamy &amp; Deepak, 2018)",
88369128,Micrixalus kottigeharensis,ANIMALIA,CHORDATA,AMPHIBIA,ANURA,MICRIXALIDAE,Micrixalus,kottigeharensis,,,,,"(Rao, 1937)",Rao (1937) originally described this taxon as&#160;<em>Philautus kottigeharensis</em>&#160;based on a single specimen from Kottigehar. Bossuyt and Dubois (2001) transferred the species from&#160;<em>Philautus&#160;</em>to&#160;<em>Micrixalus</em>. The holotype was lost and recently Bossuyt and Milinkovitch (2001) relocated the species from Bhadrea in Chicamangalore District very near to the type locality.&#160;<br/><br/><em>Micrixalus narainensis </em>and<em> M. swamianus</em> have been synonymised with this species by Biju <em>et al</em>. (2014).
88378424,Nyctibatrachus beddomii,ANIMALIA,CHORDATA,AMPHIBIA,ANURA,NYCTIBATRACHIDAE,Nyctibatrachus,beddomii,,,,,"(Boulenger, 1882)",This is a restricted concept of this species following the revalidation of <em>Nyctibatrachus anamallaiensis</em> which was previously placed in synonymy with this species (Biju <em>et al.</em> 2007).
88378891,Nyctibatrachus deccanensis,ANIMALIA,CHORDATA,AMPHIBIA,ANURA,NYCTIBATRACHIDAE,Nyctibatrachus,deccanensis,,,,,"Dubois, 1984","This species was designated a lectotype, its range redelimited, and&#160;<em>Nyctibatrachus sholai</em>&#160;was synonymized within it by&#160;Biju&#160;<em>et al.</em>&#160;(2011)."
33608,Atuna travancorica,PLANTAE,TRACHEOPHYTA,MAGNOLIOPSIDA,MALPIGHIALES,CHRYSOBALANACEAE,Atuna,travancorica,,,,,(Bedd.) Kosterm.,
169056310,Calophyllum austroindicum,PLANTAE,TRACHEOPHYTA,MAGNOLIOPSIDA,MALPIGHIALES,CALOPHYLLACEAE,Calophyllum,austroindicum,,,,,Kosterm. ex P.F.Stevens,
169056377,Calophyllum pascalianum,PLANTAE,TRACHEOPHYTA,MAGNOLIOPSIDA,MALPIGHIALES,CALOPHYLLACEAE,Calophyllum,pascalianum,,,,,"B.R.Ramesh, Ayyappan &amp; De Franceschi",
169056981,Capparis rheedei,PLANTAE,TRACHEOPHYTA,MAGNOLIOPSIDA,BRASSICALES,CAPPARACEAE,Capparis,rheedei,,,,,DC.,
31169,Hopea jacobi,PLANTAE,TRACHEOPHYTA,MAGNOLIOPSIDA,MALVALES,DIPTEROCARPACEAE,Hopea,jacobi,,,,,C.E.C.Fisch.,
33018,Hopea glabra,PLANTAE,TRACHEOPHYTA,MAGNOLIOPSIDA,MALVALES,DIPTEROCARPACEAE,Hopea,glabra,,,,,Wight &amp; Arn.,
33022,Hopea racophloea,PLANTAE,TRACHEOPHYTA,MAGNOLIOPSIDA,MALVALES,DIPTEROCARPACEAE,Hopea,racophloea,,,,,Dyer,
33023,Hopea utilis,PLANTAE,TRACHEOPHYTA,MAGNOLIOPSIDA,MALVALES,DIPTEROCARPACEAE,Hopea,utilis,,,,,(Bedd.) Bole,
169578317,Reinwardtiodendron anamalaiense,PLANTAE,TRACHEOPHYTA,MAGNOLIOPSIDA,SAPINDALES,MELIACEAE,Reinwardtiodendron,anamalaiense,,,,,(Bedd.) Mabb.,
172580995,Alseodaphnopsis petiolaris,PLANTAE,TRACHEOPHYTA,MAGNOLIOPSIDA,LAURALES,LAURACEAE,Alseodaphnopsis,petiolaris,,,,,(Meisn.) H.W.Li &amp; J.Li,
172587745,Dehaasia assamica,PLANTAE,TRACHEOPHYTA,MAGNOLIOPSIDA,LAURALES,LAURACEAE,Dehaasia,assamica,,,,,Kosterm.,
172738069,Lindera andamanica,PLANTAE,TRACHEOPHYTA,MAGNOLIOPSIDA,LAURALES,LAURACEAE,Lindera,andamanica,,,,,"Chakrab., Lakra &amp; Diwakar",
31185,Cynometra bourdillonii,PLANTAE,TRACHEOPHYTA,MAGNOLIOPSIDA,FABALES,FABACEAE,Cynometra,bourdillonii,,,,,Gamble,
175597058,Machilus kingii,PLANTAE,TRACHEOPHYTA,MAGNOLIOPSIDA,LAURALES,LAURACEAE,Machilus,kingii,,,,,Hook.f.,
175655434,Cryptocoryne sivadasanii,PLANTAE,TRACHEOPHYTA,LILIOPSIDA,ALISMATALES,ARACEAE,Cryptocoryne,sivadasanii,,,,,Bogner,
175615495,Phoebe angustifolia,PLANTAE,TRACHEOPHYTA,MAGNOLIOPSIDA,LAURALES,LAURACEAE,Phoebe,angustifolia,,,,,Meisn.,
31275,Sloanea tomentosa,PLANTAE,TRACHEOPHYTA,MAGNOLIOPSIDA,OXALIDALES,ELAEOCARPACEAE,Sloanea,tomentosa,,,,,(Benth.) Rehder &amp; E.H.Wilson,
176680211,Antidesma khasianum,PLANTAE,TRACHEOPHYTA,MAGNOLIOPSIDA,MALPIGHIALES,PHYLLANTHACEAE,Antidesma,khasianum,,,,,Hook.f.,
176856760,Ormosia robusta,PLANTAE,TRACHEOPHYTA,MAGNOLIOPSIDA,FABALES,FABACEAE,Ormosia,robusta,,,,,(Wight) Voigt,
176857958,Syzygium khasianum,PLANTAE,TRACHEOPHYTA,MAGNOLIOPSIDA,MYRTALES,MYRTACEAE,Syzygium,khasianum,,,,,(Duthie) N.P.Balakr.,
177944137,Premna debiana,PLANTAE,TRACHEOPHYTA,MAGNOLIOPSIDA,LAMIALES,LAMIACEAE,Premna,debiana,,,,,A.Rajendran &amp; P.Daniel,
177944393,Premna milleflora,PLANTAE,TRACHEOPHYTA,MAGNOLIOPSIDA,LAMIALES,LAMIACEAE,Premna,milleflora,,,,,C.B.Clarke,
177962982,Dipcadi goaense,PLANTAE,TRACHEOPHYTA,LILIOPSIDA,ASPARAGALES,ASPARAGACEAE,Dipcadi,goaense,,,,,"Prabhug., U.S.Yadav &amp; Janarth.",
179054974,Dasymaschalon longiflorum,PLANTAE,TRACHEOPHYTA,MAGNOLIOPSIDA,MAGNOLIALES,ANNONACEAE,Dasymaschalon,longiflorum,,,,,(Roxb.) Finet &amp; Gagnep.,
179207814,Goniothalamus thwaitesii,PLANTAE,TRACHEOPHYTA,MAGNOLIOPSIDA,MAGNOLIALES,ANNONACEAE,Goniothalamus,thwaitesii,,,,,Hook.f. &amp; Thomson,
22693431,Calidris ferruginea,ANIMALIA,CHORDATA,AVES,CHARADRIIFORMES,SCOLOPACIDAE,Calidris,ferruginea,,,,,"(Pontoppidan, 1763)","Formerly placed in genus <em>Erolia</em>. Specific name formerly listed as <em>testacea</em>, but <em>ferruginea </em>has priority. Form described as <em>C. paramelanotos</em> (“Cox’s Sandpiper”) shown to be a hybrid between present species and (almost certainly) <em>C. melanotos</em>; <em>C. (Pisobia) cooperi</em> (“Cooper’s Sandpiper”) probably a hybrid between present species and <em>C. acuminata</em>. Monotypic."
181140345,Megophrys awuh,ANIMALIA,CHORDATA,AMPHIBIA,ANURA,MEGOPHRYIDAE,Megophrys,awuh,,,,,"Mahony, Kamei, Teeling &amp; Biju, 2020","Lyu&#160;<em>et al</em>. (2021) listed this species in&#160;<em>Xenophrys&#160;</em>without comment, and this work was not a revision of&#160;<em>Megophrys</em>. This assessment retains it in&#160;<em>Megophrys</em>&#160;until generic boundaries are more stable."
181141076,Megophrys dzukou,ANIMALIA,CHORDATA,AMPHIBIA,ANURA,MEGOPHRYIDAE,Megophrys,dzukou,,,,,"Mahony, Kamei, Teeling &amp; Biju, 2020","Lyu&#160;<em>et al</em>. (2021) listed this species in&#160;<em>Xenophrys&#160;</em>without comment, and this work was not a revision of&#160;<em>Megophrys</em>. This assessment retains it in&#160;<em>Megophrys</em>&#160;until generic boundaries are more stable."
181473105,Blythophryne beryet,ANIMALIA,CHORDATA,AMPHIBIA,ANURA,BUFONIDAE,Blythophryne,beryet,,,,,"Chandramouli, Vasudevan, Harikrishnan, Dutta, Janani, Sharma, Das &amp; Aggarwal, 2016",
181140883,Megophrys numhbumaeng,ANIMALIA,CHORDATA,AMPHIBIA,ANURA,MEGOPHRYIDAE,Megophrys,numhbumaeng,,,,,"Mahony, Kamei, Teeling &amp; Biju, 2020","Lyu&#160;<em>et al</em>. (2021) listed this species in&#160;<em>Xenophrys&#160;</em>without comment, and this work was not a revision of&#160;<em>Megophrys</em>. This assessment retains it in&#160;<em>Megophrys</em>&#160;until generic boundaries are more stable."
176848640,Alphonsea zeylanica,PLANTAE,TRACHEOPHYTA,MAGNOLIOPSIDA,MAGNOLIALES,ANNONACEAE,Alphonsea,zeylanica,,,,,Hook.f. &amp; Thomson,
186884431,Pecteilis triflora,PLANTAE,TRACHEOPHYTA,LILIOPSIDA,ASPARAGALES,ORCHIDACEAE,Pecteilis,triflora,,,,,(D.Don) Tang &amp; F.T.Wang,
184539455,Crepidium aphyllum,PLANTAE,TRACHEOPHYTA,LILIOPSIDA,ASPARAGALES,ORCHIDACEAE,Crepidium,aphyllum,,,,,(King &amp; Pantl.) A.N.Rao,
186884507,Peristylus sahanii,PLANTAE,TRACHEOPHYTA,LILIOPSIDA,ASPARAGALES,ORCHIDACEAE,Peristylus,sahanii,,,,,"Kumar, G.S.Rawat &amp; Jalal",
186884978,Eulophia obtusa,PLANTAE,TRACHEOPHYTA,LILIOPSIDA,ASPARAGALES,ORCHIDACEAE,Eulophia,obtusa,,,,,(Lindl.) Hook.f.,
186885185,Habenaria sahyadrica,PLANTAE,TRACHEOPHYTA,LILIOPSIDA,ASPARAGALES,ORCHIDACEAE,Habenaria,sahyadrica,,,,,"K.M.P.Kumar, Nirmesh, V.B.Sreek. &amp; Kumar",
187022603,Murdannia assamica,PLANTAE,TRACHEOPHYTA,LILIOPSIDA,COMMELINALES,COMMELINACEAE,Murdannia,assamica,,,,,Nampy &amp; Ancy,
187022663,Murdannia brownii,PLANTAE,TRACHEOPHYTA,LILIOPSIDA,COMMELINALES,COMMELINACEAE,Murdannia,brownii,,,,,Nandikar &amp; Gurav,
187024265,Murdannia saddlepeakensis,PLANTAE,TRACHEOPHYTA,LILIOPSIDA,COMMELINALES,COMMELINACEAE,Murdannia,saddlepeakensis,,,,,M.V.Ramana &amp; Nandikar,
187025460,Murdannia sanjappae,PLANTAE,TRACHEOPHYTA,LILIOPSIDA,COMMELINALES,COMMELINACEAE,Murdannia,sanjappae,,,,,M.C.Naik &amp; B.R.P.Rao,
186301014,Oberonia bopannae,PLANTAE,TRACHEOPHYTA,LILIOPSIDA,ASPARAGALES,ORCHIDACEAE,Oberonia,bopannae,,,,,Chowlu &amp; Kumar,
191546628,Adelocaryum lambertianum,PLANTAE,TRACHEOPHYTA,MAGNOLIOPSIDA,BORAGINALES,BORAGINACEAE,Adelocaryum,lambertianum,,,,,(C.B.Clarke) R.R.Mill,
191547129,Adelocaryum malabaricum,PLANTAE,TRACHEOPHYTA,MAGNOLIOPSIDA,BORAGINALES,BORAGINACEAE,Adelocaryum,malabaricum,,,,,(C.B.Clarke) Brand,
191547570,Amorphophallus smithsonianus,PLANTAE,TRACHEOPHYTA,LILIOPSIDA,ALISMATALES,ARACEAE,Amorphophallus,smithsonianus,,,,,Sivadasan,
191681904,Distimake rhyncorhiza,PLANTAE,TRACHEOPHYTA,MAGNOLIOPSIDA,SOLANALES,CONVOLVULACEAE,Distimake,rhyncorhiza,,,,,(Dalzell) A.R.Simões &amp; Staples,
168904,Cryptocoryne cognata,PLANTAE,TRACHEOPHYTA,LILIOPSIDA,ALISMATALES,ARACEAE,Cryptocoryne,cognata,,,,,Schott,"<p><span style=""font-style: italic;"">Cryptocoryne cognata</span> was lost to science for 150 years until its rediscovery in the 1990s by Indian botanists who found the plant in the district of Ratnagiri in Maharashtra State.</p>"
175218,Cryptocoryne consobrina,PLANTAE,TRACHEOPHYTA,LILIOPSIDA,ALISMATALES,ARACEAE,Cryptocoryne,consobrina,,,,,Schott,"<span style=""font-style: italic;""><br/><br/></span>"
197945955,Raorchestes keirasabinae,ANIMALIA,CHORDATA,AMPHIBIA,ANURA,RHACOPHORIDAE,Raorchestes,keirasabinae,,,,,"Garg, Suyesh, Das, Bee &amp; Biju, 2021",
31187,Humboldtia bourdillonii,PLANTAE,TRACHEOPHYTA,MAGNOLIOPSIDA,FABALES,FABACEAE,Humboldtia,bourdillonii,,,,,Prain,
33645,Dialium travancoricum,PLANTAE,TRACHEOPHYTA,MAGNOLIOPSIDA,FABALES,FABACEAE,Dialium,travancoricum,,,,,Bourd.,
33647,Prioria pinnata,PLANTAE,TRACHEOPHYTA,MAGNOLIOPSIDA,FABALES,FABACEAE,Prioria,pinnata,,,,,(Roxb. ex DC.) Breteler,
38758,Aporosa bourdillonii,PLANTAE,TRACHEOPHYTA,MAGNOLIOPSIDA,MALPIGHIALES,PHYLLANTHACEAE,Aporosa,bourdillonii,,,,,Stapf.,
201030934,Humboldtia brunonis,PLANTAE,TRACHEOPHYTA,MAGNOLIOPSIDA,FABALES,FABACEAE,Humboldtia,brunonis,,,,,Wall.,
201031081,Syzygium periyarense,PLANTAE,TRACHEOPHYTA,MAGNOLIOPSIDA,MYRTALES,MYRTACEAE,Syzygium,periyarense,,,,,Augustine &amp; Sasidh.,
202483877,Semecarpus kurzii,PLANTAE,TRACHEOPHYTA,MAGNOLIOPSIDA,SAPINDALES,ANACARDIACEAE,Semecarpus,kurzii,,,,,Engl.,
202483996,Semecarpus prainii,PLANTAE,TRACHEOPHYTA,MAGNOLIOPSIDA,SAPINDALES,ANACARDIACEAE,Semecarpus,prainii,,,,,King,
202484066,Semecarpus subpanduriformis,PLANTAE,TRACHEOPHYTA,MAGNOLIOPSIDA,SAPINDALES,ANACARDIACEAE,Semecarpus,subpanduriformis,,,,,Wall. ex Hook.f.,
202532388,Brownlowia elata,PLANTAE,TRACHEOPHYTA,MAGNOLIOPSIDA,MALVALES,MALVACEAE,Brownlowia,elata,,,,,Roxb.,
202536352,Grewia nagensium,PLANTAE,TRACHEOPHYTA,MAGNOLIOPSIDA,MALVALES,MALVACEAE,Grewia,nagensium,,,,,Prain,
202732050,Pterospermum aceroides,PLANTAE,TRACHEOPHYTA,MAGNOLIOPSIDA,MALVALES,MALVACEAE,Pterospermum,aceroides,,,,,Wall. ex Kurz,
206837366,Glochidion andamanicum,PLANTAE,TRACHEOPHYTA,MAGNOLIOPSIDA,MALPIGHIALES,PHYLLANTHACEAE,Glochidion,andamanicum,,,,,Kurz,
208974595,Ochna gamblei,PLANTAE,TRACHEOPHYTA,MAGNOLIOPSIDA,MALPIGHIALES,OCHNACEAE,Ochna,gamblei,,,,,King ex Brandis,
210014331,Pandanus palakkadensis,PLANTAE,TRACHEOPHYTA,LILIOPSIDA,PANDANALES,PANDANACEAE,Pandanus,palakkadensis,,,,,"Nadaf, Zanan &amp; Wakte",
30891,Syzygium neesianum,PLANTAE,TRACHEOPHYTA,MAGNOLIOPSIDA,MYRTALES,MYRTACEAE,Syzygium,neesianum,,,,,Arn.,
38036,Syzygium caryophyllatum,PLANTAE,TRACHEOPHYTA,MAGNOLIOPSIDA,MYRTALES,MYRTACEAE,Syzygium,caryophyllatum,,,,,(L.) Alston,
210010463,Syzygium calophyllifolium,PLANTAE,TRACHEOPHYTA,MAGNOLIOPSIDA,MYRTALES,MYRTACEAE,Syzygium,calophyllifolium,,,,,(Wight) Walp.,
210013452,Ficus beddomei,PLANTAE,TRACHEOPHYTA,MAGNOLIOPSIDA,ROSALES,MORACEAE,Ficus,beddomei,,,,,King,
210013545,Ficus costata,PLANTAE,TRACHEOPHYTA,MAGNOLIOPSIDA,ROSALES,MORACEAE,Ficus,costata,,,,,Aiton,
210013949,Ficus dalhousiae,PLANTAE,TRACHEOPHYTA,MAGNOLIOPSIDA,ROSALES,MORACEAE,Ficus,dalhousiae,,,,,(Miq.) Miq.,
211716588,Garcinia succifolia,PLANTAE,TRACHEOPHYTA,MAGNOLIOPSIDA,MALPIGHIALES,CLUSIACEAE,Garcinia,succifolia,,,,,Kurz,
213352738,Chionanthus sumatranus,PLANTAE,TRACHEOPHYTA,MAGNOLIOPSIDA,LAMIALES,OLEACEAE,Chionanthus,sumatranus,,,,,Blume,
215199522,Lepidagathis clavata,PLANTAE,TRACHEOPHYTA,MAGNOLIOPSIDA,LAMIALES,ACANTHACEAE,Lepidagathis,clavata,,,,,Dalzell,
22679012,Perdicula manipurensis,ANIMALIA,CHORDATA,AVES,GALLIFORMES,PHASIANIDAE,Perdicula,manipurensis,,,,,"(Hume, 1880)",
22679330,Syrmaticus humiae,ANIMALIA,CHORDATA,AVES,GALLIFORMES,PHASIANIDAE,Syrmaticus,humiae,,,,,"(Hume, 1881)",
200533196,Meyna pubescens,PLANTAE,TRACHEOPHYTA,MAGNOLIOPSIDA,GENTIANALES,RUBIACEAE,Meyna,pubescens,,,,,(Kurz) Robyns,
220761693,Lepisanthes andamanica,PLANTAE,TRACHEOPHYTA,MAGNOLIOPSIDA,SAPINDALES,SAPINDACEAE,Lepisanthes,andamanica,,,,,King,
222291660,Syzygium sasidharanii,PLANTAE,TRACHEOPHYTA,MAGNOLIOPSIDA,MYRTALES,MYRTACEAE,Syzygium,sasidharanii,,,,,Sujanapal,<em>Syzygium sasidharanii</em>&#160;was published (Sujanapal <em>et al.</em> 2013) based on their collection from Druryi rock region of Agasthyamalai hills during 2006. The <em>Syzygium chemunjianum </em>published (Shareef <em>et al. </em>2013) based on their collection from the adjacent Chemunji hills during 2012 was found to be the same taxon and the latter became a synonym of&#160;<em>Syzygium sasidharanii.&#160;</em>
222291715,Syzygium agastyamalayanum,PLANTAE,TRACHEOPHYTA,MAGNOLIOPSIDA,MYRTALES,MYRTACEAE,Syzygium,agastyamalayanum,,,,,M.B.Viswan. &amp; Manik.,
222292291,Syzygium ponmudianum,PLANTAE,TRACHEOPHYTA,MAGNOLIOPSIDA,MYRTALES,MYRTACEAE,Syzygium,ponmudianum,,,,,"A.K.Sreekala, Ramas., D.S.Pillai &amp; Surendr.",
31181,Buchanania barberi,PLANTAE,TRACHEOPHYTA,MAGNOLIOPSIDA,SAPINDALES,ANACARDIACEAE,Buchanania,barberi,,,,,Gamble,
22693225,Tringa guttifer,ANIMALIA,CHORDATA,AVES,CHARADRIIFORMES,SCOLOPACIDAE,Tringa,guttifer,,,,,"(Nordmann, 1835)",
224100285,Planchonella longipetiolata,PLANTAE,TRACHEOPHYTA,MAGNOLIOPSIDA,ERICALES,SAPOTACEAE,Planchonella,longipetiolata,,,,,(King &amp; Prain) H.J.Lam,
224088253,Gymnocladus burmanicus,PLANTAE,TRACHEOPHYTA,MAGNOLIOPSIDA,FABALES,FABACEAE,Gymnocladus,burmanicus,,,,,C.E.Parkinson,
224071357,Albizia umbrosa,PLANTAE,TRACHEOPHYTA,MAGNOLIOPSIDA,FABALES,FABACEAE,Albizia,umbrosa,,,,,(Wall.) Benth.,
224106293,Tarenna helferi,PLANTAE,TRACHEOPHYTA,MAGNOLIOPSIDA,GENTIANALES,RUBIACEAE,Tarenna,helferi,,,,,(Kurz) N.P.Balakr. ex S.C.Das &amp; M.A.Rahman,
224109482,Vaccinium piliferum,PLANTAE,TRACHEOPHYTA,MAGNOLIOPSIDA,ERICALES,ERICACEAE,Vaccinium,piliferum,,,,,(Hook.f. ex C.B.Clarke) Sleumer,
224101293,Syzygium praetermissum,PLANTAE,TRACHEOPHYTA,MAGNOLIOPSIDA,MYRTALES,MYRTACEAE,Syzygium,praetermissum,,,,,(Gage) N.P.Balakr.,
224085585,Dillenia mansonii,PLANTAE,TRACHEOPHYTA,MAGNOLIOPSIDA,DILLENIALES,DILLENIACEAE,Dillenia,mansonii,,,,,(Gage) Hoogland,
224071631,Allophylus subfalcatus,PLANTAE,TRACHEOPHYTA,MAGNOLIOPSIDA,SAPINDALES,SAPINDACEAE,Allophylus,subfalcatus,,,,,Radlk.,
224101709,Syzygium venustum,PLANTAE,TRACHEOPHYTA,MAGNOLIOPSIDA,MYRTALES,MYRTACEAE,Syzygium,venustum,,,,,(Roxb.) Wight ex Mason,
22729465,Spilornis klossi,ANIMALIA,CHORDATA,AVES,ACCIPITRIFORMES,ACCIPITRIDAE,Spilornis,klossi,,,,,"Richmond, 1902",
225970375,Madhuca balakrishnanii,PLANTAE,TRACHEOPHYTA,MAGNOLIOPSIDA,ERICALES,SAPOTACEAE,Madhuca,balakrishnanii,,,,,"E.S.S.Kumar, Shailaj. &amp; Shareef",
226499453,Elaeocarpus weibelii,PLANTAE,TRACHEOPHYTA,MAGNOLIOPSIDA,OXALIDALES,ELAEOCARPACEAE,Elaeocarpus,weibelii,,,,,"(Zmarzty) Shareef, S.P.Mathew &amp; Shaju",
37314,Myristica magnifica,PLANTAE,TRACHEOPHYTA,MAGNOLIOPSIDA,MAGNOLIALES,MYRISTICACEAE,Myristica,magnifica,,,,,Bedd.,
228007161,Wrightia indica,PLANTAE,TRACHEOPHYTA,MAGNOLIOPSIDA,GENTIANALES,APOCYNACEAE,Wrightia,indica,,,,,Ngan,
228007388,Croton gibsonianus,PLANTAE,TRACHEOPHYTA,MAGNOLIOPSIDA,MALPIGHIALES,EUPHORBIACEAE,Croton,gibsonianus,,,,,Nimmo,
22695494,Accipiter butleri,ANIMALIA,CHORDATA,AVES,ACCIPITRIFORMES,ACCIPITRIDAE,Accipiter,butleri,,,,,"(Gurney, 1898)",
82031633,Sousa plumbea,ANIMALIA,CHORDATA,MAMMALIA,ARTIODACTYLA,DELPHINIDAE,Sousa,plumbea,,,,,"(G. Cuvier, 1829)","<em>Sousa plumbea</em> has been recognized as a species since taxonomic revision of the genus <em>Sousa</em> in 2014 (Committee on Taxonomy 2014, Jefferson and Rosenbaum 2014). Previously this species was lumped together with the Indo-Pacific Humpback Dolphin (<em>Sousa chinensis),</em> but animals occurring in the western part of the Indian Ocean from South Africa to western coastline of India are now recognized as taxonomically distinct from those that occur further east, based on genetics, skeletal morphology, external morphology and colour. There is uncertainty about the taxonomic affinities of the Humpback Dolphins that occur in the Bay of Bengal. Animals in this area do not appear to be <em>S. plumbea</em> or <em>S. chinensis,</em> or to be hybrids of the two, and may be a separate taxonomic entity (Amaral <em>et al.</em> 2017; 2020). Additional sampling should confirm the eastern limits of the <em>S. plumbea</em> species, but for the purposes of this assessment we assume it to be Sri Lanka and the southern tip of India in the Gulf of Mannar."
33007,Dipterocarpus alatus,PLANTAE,TRACHEOPHYTA,MAGNOLIOPSIDA,MALVALES,DIPTEROCARPACEAE,Dipterocarpus,alatus,,,,,Roxb. ex G.Don,
22715856,Pellorneum palustre,ANIMALIA,CHORDATA,AVES,PASSERIFORMES,PELLORNEIDAE,Pellorneum,palustre,,,,,"Gould, 1872",
239578615,Strobilanthes kunthiana,PLANTAE,TRACHEOPHYTA,MAGNOLIOPSIDA,LAMIALES,ACANTHACEAE,Strobilanthes,kunthiana,,,,,(Nees) T.Anderson ex Benth.,
239578975,Impatiens parasitica,PLANTAE,TRACHEOPHYTA,MAGNOLIOPSIDA,ERICALES,BALSAMINACEAE,Impatiens,parasitica,,,,,Bedd.,
239579056,Medinilla anamalaiana,PLANTAE,TRACHEOPHYTA,MAGNOLIOPSIDA,MYRTALES,MELASTOMATACEAE,Medinilla,anamalaiana,,,,,Sasidh. &amp; Sujanapal,
239855551,Ixora agasthyamalayana,PLANTAE,TRACHEOPHYTA,MAGNOLIOPSIDA,GENTIANALES,RUBIACEAE,Ixora,agasthyamalayana,,,,,Sivad. &amp; N.Mohanan,
239905380,Psychotria nudiflora,PLANTAE,TRACHEOPHYTA,MAGNOLIOPSIDA,GENTIANALES,RUBIACEAE,Psychotria,nudiflora,,,,,Wight &amp; Arn.,
239905390,Psychotria anamallayana,PLANTAE,TRACHEOPHYTA,MAGNOLIOPSIDA,GENTIANALES,RUBIACEAE,Psychotria,anamallayana,,,,,Bedd.,
239905440,Nothopegia travancorica,PLANTAE,TRACHEOPHYTA,MAGNOLIOPSIDA,SAPINDALES,ANACARDIACEAE,Nothopegia,travancorica,,,,,Bedd. ex Hook.f.,
239905600,Ficus cupulata,PLANTAE,TRACHEOPHYTA,MAGNOLIOPSIDA,ROSALES,MORACEAE,Ficus,cupulata,,,,,Haines,
239905630,Ehretia wightiana,PLANTAE,TRACHEOPHYTA,MAGNOLIOPSIDA,BORAGINALES,EHRETIACEAE,Ehretia,wightiana,,,,,Wall. ex G.Don,
239906076,Psychotria connata,PLANTAE,TRACHEOPHYTA,MAGNOLIOPSIDA,GENTIANALES,RUBIACEAE,Psychotria,connata,,,,,Wall.,
22681585,Mulleripicus pulverulentus,ANIMALIA,CHORDATA,AVES,PICIFORMES,PICIDAE,Mulleripicus,pulverulentus,,,,,"(Temminck, 1826)",
242376348,Dipcadi saxorum,PLANTAE,TRACHEOPHYTA,LILIOPSIDA,ASPARAGALES,ASPARAGACEAE,Dipcadi,saxorum,,,,,Blatt.,
22680064,Asarcornis scutulata,ANIMALIA,CHORDATA,AVES,ANSERIFORMES,ANATIDAE,Asarcornis,scutulata,,,,,"(S. Müller, 1842)",<em>Asarcornis scutulata</em>&#160;(del Hoyo and Collar 2014)&#160;was previously placed in the genus <em>Cairina</em>.
247297998,Coleus idukkianus,PLANTAE,TRACHEOPHYTA,MAGNOLIOPSIDA,LAMIALES,LAMIACEAE,Coleus,idukkianus,,,,,"(J.Mathew, Yohannan &amp; B.J.Conn) Smitha","Described in genus <em>Plectranthus</em>, the species was later moved to genus <em>Coleus </em>(Paton <em>et al</em>. 2019). The species was described from the same district (Idukki) in Kerala, southern India as <em>Coleus anamudianus</em> (Smitha &amp; Sunojk.) Smitha and <em>Coleus petricola</em> (J.Mathew &amp; B.J.Conn) A.J.Paton."
4615,Chelonia mydas,ANIMALIA,CHORDATA,REPTILIA,TESTUDINES,CHELONIIDAE,Chelonia,mydas,,,,,"(Linnaeus, 1758)",
103874145,Montecincla jerdoni,ANIMALIA,CHORDATA,AVES,PASSERIFORMES,LEIOTRICHIDAE,Montecincla,jerdoni,,,,,"(Blyth, 1851)","<p><em>Trochalopteron fairbanki, T. meridionale, T. jerdoni&#160;</em>and&#160;<em>T. cachinnans&#160;</em>have been moved to the new genus&#160;<em>Montecincla&#160;</em>after they were found to be&#160;sister to a clade composed of&#160;<em>Heterophasia, Minla, Actinodura, Leiothrix, Liocichla&#160;</em>and&#160;<em>Crocias&#160;</em>(Robin&#160;<em>et al.&#160;</em>2017). They have also received new common names, and are listed as<em>&#160;</em>Palani Chilappan<em>&#160;Montecincla fairbanki</em>,&#160;Ashambu Chilappan&#160;<em>M. meridionalis</em>, Banasura Chilappan<em>&#160;M. jerdoni</em>&#160;and Nilgiri Chilappan&#160;<em>M. cachinnans</em>.<br/><em><br/>T. fairbanki&#160;</em>and<em>&#160;T. meridionale</em>&#160;(del Hoyo and Collar 2016) were previously lumped as&#160;<em>Strophocincla fairbanki&#160;</em>following Rasmussen and Anderton (2005).</p>"
103874754,Montecincla meridionalis,ANIMALIA,CHORDATA,AVES,PASSERIFORMES,LEIOTRICHIDAE,Montecincla,meridionalis,,,,,"(Blanford, 1880)","<p><em>Trochalopteron fairbanki, T. meridionale, T. jerdoni </em>and <em>T. cachinnans </em>have been moved to the new genus <em>Montecincla </em>after they were found to be&#160;sister to a clade composed of<em> Heterophasia, Minla, Actinodura, Leiothrix, Liocichla </em>and <em>Crocias </em>(Robin <em>et al. </em>2017). They have also received new common names, and are listed as<em>&#160;</em>Palani Chilappan<em>&#160;Montecincla fairbanki</em>,&#160;Ashambu Chilappan <em>M. meridionalis</em>, Banasura Chilappan<em>&#160;M. jerdoni</em> and Nilgiri Chilappan <em>M. cachinnans</em>.<br/><em><br/>T. fairbanki </em>and<em> T. meridionale</em> (del Hoyo and Collar 2016) were previously lumped as <em>Strophocincla fairbanki </em>following Rasmussen and Anderton (2005).</p>"
22716795,Paradoxornis flavirostris,ANIMALIA,CHORDATA,AVES,PASSERIFORMES,PARADOXORNITHIDAE,Paradoxornis,flavirostris,,,,,"Gould, 1836","The genus <em>Paradoxornis&#160;</em>has been moved from the family Sylviidae to Paradoxornithidae following Cai <em>et al.</em> (2019). Elsewhere has been treated as conspecific with <em>P. guttaticollis</em> by some authors, but is morphometrically quite distinct and differs in vocalizations and, especially, in habitat requirements; ranges overlap (or formerly did) in parts of NE India, but the two are ecologically separated. Monotypic."
22716358,Argya longirostris,ANIMALIA,CHORDATA,AVES,PASSERIFORMES,LEIOTRICHIDAE,Argya,longirostris,,,,,"(Moore, 1854)",<p>Previously listed as&#160;<em>Chatarrhaea longirostris&#160;</em>(del Hoyo and Collar 2016) but moved to current genus following Cai<em> et al. </em>(2019). Formerly listed as&#160;<em>Turdoides longirostris</em>. Birds reported from SW Myanmar not yet assigned to subspecies. Two subspecies recognized.</p>
22734628,Liocichla bugunorum,ANIMALIA,CHORDATA,AVES,PASSERIFORMES,LEIOTRICHIDAE,Liocichla,bugunorum,,,,,"Athreya, 2006",
254095810,Ceropegia evansii,PLANTAE,TRACHEOPHYTA,MAGNOLIOPSIDA,GENTIANALES,APOCYNACEAE,Ceropegia,evansii,,,,,McCann,
254095865,Ceropegia mohanramii,PLANTAE,TRACHEOPHYTA,MAGNOLIOPSIDA,GENTIANALES,APOCYNACEAE,Ceropegia,mohanramii,,,,,"S.R.Yadav, M.N.Gavade &amp; Sardesai",
22693749,Pluvialis squatarola,ANIMALIA,CHORDATA,AVES,CHARADRIIFORMES,CHARADRIIDAE,Pluvialis,squatarola,,,,,"(Linnaeus, 1758)",
254475077,Ochradenus lakhpatensis,PLANTAE,TRACHEOPHYTA,MAGNOLIOPSIDA,BRASSICALES,RESEDACEAE,Ochradenus,lakhpatensis,,,,,R.M.Patel &amp; Prajapati,This recently described taxon has not yet been treated by <em>Plants of the World online</em>.
15954,Panthera pardus,ANIMALIA,CHORDATA,MAMMALIA,CARNIVORA,FELIDAE,Panthera,pardus,,,,,"(Linnaeus, 1758)","Based on morphological analysis, Khorozyan <em>et al</em>. (2006) recognize <em>Panthera pardus tulliana</em> (Valenciennes, 1856) in western Türkiye and <em>P. p. sindica</em> (Pocock, 1930) in Pakistan, and possibly also parts of Afghanistan and Iran. They also consider <em>P. p. ciscaucasica</em> (Satunin, 1914) as the senior synonym for <em>P. p. saxicolor</em>.<br/><br/>Kitchener <em>et al</em>. (2017) in their revised taxonomy of the Felidae recognize the following eight Leopard subspecies:<br/><ul><li><em>Panthera pardus pardus</em> (Linnaeus, 1758): Africa</li><li><em>Panthera pardus tulliana </em>(Valenciennes, 1856; 1039): Türkiye, Caucasus, Turkmenistan, Uzbekistan, Iran, Iraq, Afghanistan and Pakistan</li><li><em>Panthera pardus fusca</em> (Meyer, 1794): Indian subcontinent, Burma and China</li><li><em>Panthera pardus kotiya</em> Deraniyagala, 1949: Sri Lanka</li><li><em>Panthera pardus delacouri</em> Pocock, 1930b: Southeast Asia and probably southern China</li><li><em>Panthera paruds orientalis</em> (Schlegel, 1857) including <em>japonensis</em>: Eastern Asia from Russian Far East to China</li><li><em>Panthera pardus melas</em> (Cuvier, 1809; 152): Java</li><li><em>Panthera pardus nimr</em> (Hemprich and Ehrenberg, 1832): Arabian Peninsula.</li></ul><br/>The treatment by Kitchener <em>et al</em>. (2017) is followed by the IUCN Red List."
22693447,Calidris subruficollis,ANIMALIA,CHORDATA,AVES,CHARADRIIFORMES,SCOLOPACIDAE,Calidris,subruficollis,,,,,"(Vieillot, 1819)",<em>Calidris subruficollis</em> (del Hoyo and Collar 2014) was previously placed in the genus <em>Tryngites</em>.
2888,Bos javanicus,ANIMALIA,CHORDATA,MAMMALIA,ARTIODACTYLA,BOVIDAE,Bos,javanicus,,,,,"d'Alton, 1823","Three subspecies of Banteng have come to be generally recognised (Lekagul and McNeely 1977, National Research Council 1983): <br/>1. <em>Bos javanicus javanicus</em> on Java and Bali,<br/>2. <em>B. j. lowi</em> on Borneo, and <br/>3. <em>B. j. birmanicus</em> on the Asian mainland.<br/><br/>Grzimek (1990) argued against separating these local forms into true subspecies because a number of the small populations of wild Banteng which remain have been affected by interbreeding with domestic or feral cattle. Corbet and Hill (1992) did not recognise any valid subspecies of Banteng either. Frequent reports of interbreeding between wild Banteng and domestic livestock on Borneo (S. Hedges pers. comm. 2008) have yet to be substantiated in Sabah and Java (J. Burton pers. comm. 2016). Phylogenetic studies of&#160;<em>B. j. lowi </em>are confounded by&#160;the difficulties of obtaining samples. Recent genetic studies have produced contradicting results with regards to the taxonomic status of Banteng on Borneo. Mitochondrial DNA evidence suggested that the Bornean and Javan Banteng have such large genetic distances as to constitute separate species (Ishige <em>et al</em>. 2016, Handayani 2023). However, nuclear genomic data refutes this hypothesis and suggests that Bornean Banteng affiliates strongly with the Javan Banteng (Sun <em>et al</em>. 2022).<br/><br/>Until there is sufficient information on its genetic description, current population size, and status&#160;of <em>B. j. lowi</em>&#160;should not be included within&#160;<em>B. javanicus. </em>Pending further morphometric and genetic analysis&#160;<em>Bos j. javanicus</em> and <em>B. j. birmanicus</em> are provisionally accepted here in recognition of the relatively pronounced phenotypic differences which exist between Banteng on Java and the Asian mainland."
22693464,Calidris falcinellus,ANIMALIA,CHORDATA,AVES,CHARADRIIFORMES,SCOLOPACIDAE,Calidris,falcinellus,,,,,"(Pontoppidan, 1763)",<em>Calidris falcinellus</em> (del Hoyo and Collar 2014) was previously placed in the genus <em>Limicola</em>.
22685513,Belocercus longicaudus,ANIMALIA,CHORDATA,AVES,PSITTACIFORMES,PSITTACIDAE,Belocercus,longicaudus,,,,,"(Boddaert, 1783)","<em>Belocercus longicaudus&#160;</em>(Handbook of the Birds of the World and BirdLife International 2020) was previously listed as&#160;<em>Psittacula&#160;</em><em>longicauda</em><em>&#160;</em>(del Hoyo&#160;<em>et al.&#160;</em>2014).&#160;Braun&#160;<em>et al</em>. (2019) report the situation where the parrot genera&#160;<em>Psittinus</em>,&#160;<em>Tanygnathus</em>&#160;and&#160;<em>Mascarinus</em>&#160;nest genetically within&#160;<em>Psittacula</em>, meaning that either&#160;<em>Psittacula</em>&#160;replaces these latter three genera or it breaks down into monophyletic genera of their own. The latter course is preferred, building on Braun&#160;<em>et al</em>. (2016), where several genera were established or resurrected including&#160;<em>Belocercus</em><em>&#160;</em>for&#160;<em>P. longicauda</em>."
219,Acinonyx jubatus,ANIMALIA,CHORDATA,MAMMALIA,CARNIVORA,FELIDAE,Acinonyx,jubatus,,,,,"(Schreber, 1775)","Formerly included in the subfamily Acinonychinae which is a monophyletic  group, (e.g., Wozencraft 1993), molecular evidence now clusters the  Cheetah with the Puma (<em>Puma concolor</em>) and Jaguarundi (<em>Herpailurus  yagouaroundi</em>) in the tribe Acinonychini, diverging some 6.9 million  years ago (Johnson <em>et al.</em> 2006, O'Brien and Johnson 2007). A  close relationship between these three species is in agreement with  earlier studies (Johnson and O’Brien 1997, Bininda-Emonds <em>et al.</em>  1999, Mattern and MacLennan 2000). The English name is derived from the  Hindi Chita, meaning ""spotted one"". The generic name <em>Acinonyx </em>is a  reference to its semi-retractile claws (Caro 1994).<br/><br/>Kitchener <em>et al.</em> (2017) recognize four subspecies:<br/><ul><li><em>Acinonyx  jubatus jubatus</em> (Schreber 1775) distributed across southern and eastern  Africa. This subspecies combines two subspecies previously documented  by Smithers (1975): <em>Acinonyx jubatus jubatus</em> (Schreber 1775) and  <em>Acinonyx jubatus raineyi</em> (Heller 1913; 9)</li><li><em>Acinonyx jubatus soemmeringii </em>(Fitzinger, 1885) distributed across northeastern Africa</li><li><em>Acinonyx jubatus venaticus </em>(Griffith, 1821) distributed across southwestern Asia and India</li><li><em>Acinonyx jubatus hecki</em> (Hilzheimer, 1913) distributed across western and northwestern Africa</li></ul>The authors note that further genetic analysis is needed to assess whether these subspecies designations are appropriate, or whether there needs to  be further consolidation."
70205537,Arctonyx collaris,ANIMALIA,CHORDATA,MAMMALIA,CARNIVORA,MUSTELIDAE,Arctonyx,collaris,,,,,"F.G. Cuvier, 1825","For many decades the genus&#160;<em>Arctonyx</em>&#160;was universally considered monospecific, under the oldest available name,&#160;<em>A. collaris</em>. It has been proposed that the genus contains multiple species: Sumatran Hog Badger&#160;<em>A. hoevenii</em>&#160;is disjunct from the rest of the genus's range, whilst Northern Hog Badger&#160;<em>A. albogularis</em>&#160;and Greater Hog Badger&#160;<em>A. collaris</em>&#160;(<em>sensu stricto</em>) occur in mainland Asia, with a poorly understood zone of overlap or contact (Helgen&#160;<em>et al</em>. 2008). This revision was not accepted by Choudhury (2013) who furthermore queried the neotype and accompanying type locality selected for&#160;<em>A. collaris</em>&#160;by&#160;Helgen&#160;<em>et al</em>. (2008). Nonetheless,&#160;Helgen&#160;<em>et al</em>. (2008: 369) were explicit that ""the absolute, striking distinctions in size, pelage and qualitative cranial morphology between available adult samples of&#160;<em>A. albogularis</em>&#160;and&#160;<em>A. collaris</em>&#160;indicate no intergradation between these taxa"". Therefore, three species of hog badger are recognized here."
22037,Trachypithecus geei,ANIMALIA,CHORDATA,MAMMALIA,PRIMATES,CERCOPITHECIDAE,Trachypithecus,geei,,,,,"Khajuria, 1956","Wangchuk <em>et al</em>. (2003) described a new subspecies, <em>Trachypithecus geei bhutanensis</em>, from Bhutan in the north of the range, with <em>T. g. geei</em> occurring in the south, the two taxa being separated by the Main Frontal Thrust (MFT) of the Indian plate hitting into the Himalayas (Bhargava 1997). However, <em>T. g. bhutanensis</em> is not recognised here as a valid subspecies, as it has not been described according to ICZN rules."
22041,Trachypithecus pileatus,ANIMALIA,CHORDATA,MAMMALIA,PRIMATES,CERCOPITHECIDAE,Trachypithecus,pileatus,,,,,"(Blyth, 1843)","Four subspecies were recognized by Groves (2005), although their validity was in some doubt as it was thought that seasonal variation in pelage colour may account for at least some variation.&#160;This has been reviewed recently and distinct hair patterns have been used (Choudhury 2014).&#160;Choudhury (2014)&#160;recognizes&#160;three subspecies: <em>Trachypithecus pileatus pileatus</em>, <em>T. p. brahma</em> and <em>T. p. tenebricus</em>."
30864,Diospyros crumenata,PLANTAE,TRACHEOPHYTA,MAGNOLIOPSIDA,ERICALES,EBENACEAE,Diospyros,crumenata,,,,,Thwaites,
15951,Panthera leo,ANIMALIA,CHORDATA,MAMMALIA,CARNIVORA,FELIDAE,Panthera,leo,,,,,"(Linnaeus, 1758)","Taxonomy currently used by the IUCN SSC Cat Specialist Group (see Kitchener <em>et al.</em> 2017):<br/><br/><em>Panthera leo leo</em>—Central Africa, West Africa and Asia<br/><em>Panthera leo melanochaita</em>—Southern and East Africa<br/><br/>Lions  were previously described as two subspecies: the African Lion (<em>Panthera  leo leo</em>) and the Asiatic Lion (<em>Panthera leo persica</em>). However, this has  subsequently changed.<br/><br/>Recent studies (Bertola <em>et al.</em> 2015,  2016, 2022) indicate that lions in Western and Central Africa are more  closely related to lions found in India than they are to those found in  Southern and East Africa. This is likely the result of lions being  reduced to local refugia during the more recent part of the Pleistocene  climatic cycles (Bertola <em>et al</em>. 2011, 2016). Divergence times  estimated from genetic data match large-scale changes in habitat,  including expansion and contraction of forested areas, possibly reducing  connectivity and isolating Lion subpopulations (Bertola <em>et al</em>. 2016). This temporary isolation may have led to divergence of subpopulations, which can still be observed today. Historical connectivity  between Lion subpopulations in West or Central African and subpopulations in  India explain the close evolutionary relationships between these subpopulations, even though a series of bottlenecks have led the Indian subpopulation to differentiate quickly as a result of increased genetic  drift (Bertola <em>et al</em>. 2015, 2016). Based on recent genetic  studies, the two subspecies of lions overlap in a contact zone in  Ethiopia which possibly extends into Sudan and South Sudan (Bertola <em>et al</em>. 2015, 2016, 2021, 2022)."
242376417,Dipcadi ursulae,PLANTAE,TRACHEOPHYTA,LILIOPSIDA,ASPARAGALES,ASPARAGACEAE,Dipcadi,ursulae,,,,,Blatt.,
